country_code,country,year,unemployment_rate
AT,Austria,2016,6.5
AT,Austria,2017,5.9
AT,Austria,2018,5.2
AT,Austria,2019,4.8
AT,Austria,2020,6.0
AT,Austria,2021,6.2
AT,Austria,2022,4.8
AT,Austria,2023,5.1
AT,Austria,2024,5.2
AT,Austria,2025,5.7
BE,Belgium,2016,7.9
BE,Belgium,2017,7.2
BE,Belgium,2018,6.0
BE,Belgium,2019,5.5
BE,Belgium,2020,5.8
BE,Belgium,2021,6.3
BE,Belgium,2022,5.6
BE,Belgium,2023,5.5
BE,Belgium,2024,5.7
BE,Belgium,2025,6.2
BG,Bulgaria,2016,8.6
BG,Bulgaria,2017,7.2
BG,Bulgaria,2018,6.2
BG,Bulgaria,2019,5.2
BG,Bulgaria,2020,6.1
BG,Bulgaria,2021,5.2
BG,Bulgaria,2022,4.2
BG,Bulgaria,2023,4.3
BG,Bulgaria,2024,4.2
BG,Bulgaria,2025,3.5
CY,Cyprus,2016,13.0
CY,Cyprus,2017,11.1
CY,Cyprus,2018,8.4
CY,Cyprus,2019,7.2
CY,Cyprus,2020,7.6
CY,Cyprus,2021,7.2
CY,Cyprus,2022,6.3
CY,Cyprus,2023,5.8
CY,Cyprus,2024,4.8
CY,Cyprus,2025,4.4
CZ,Czechia,2016,4.0
CZ,Czechia,2017,2.9
CZ,Czechia,2018,2.2
CZ,Czechia,2019,2.0
CZ,Czechia,2020,2.6
CZ,Czechia,2021,2.8
CZ,Czechia,2022,2.2
CZ,Czechia,2023,2.6
CZ,Czechia,2024,2.6
CZ,Czechia,2025,2.8
DE,Germany,2016,3.9
DE,Germany,2017,3.5
DE,Germany,2018,3.2
DE,Germany,2019,2.9
DE,Germany,2020,3.6
DE,Germany,2021,3.6
DE,Germany,2022,3.1
DE,Germany,2023,3.1
DE,Germany,2024,3.5
DE,Germany,2025,3.8
DK,Denmark,2016,6.0
DK,Denmark,2017,5.8
DK,Denmark,2018,5.1
DK,Denmark,2019,5.0
DK,Denmark,2020,5.6
DK,Denmark,2021,5.1
DK,Denmark,2022,4.5
DK,Denmark,2023,5.1
DK,Denmark,2024,6.2
DK,Denmark,2025,6.4
EE,Estonia,2016,6.8
EE,Estonia,2017,5.8
EE,Estonia,2018,5.4
EE,Estonia,2019,4.5
EE,Estonia,2020,6.9
EE,Estonia,2021,6.2
EE,Estonia,2022,5.6
EE,Estonia,2023,6.4
EE,Estonia,2024,7.6
EE,Estonia,2025,7.5
EL,Greece,2016,23.9
EL,Greece,2017,21.8
EL,Greece,2018,19.7
EL,Greece,2019,17.9
EL,Greece,2020,17.6
EL,Greece,2021,14.7
EL,Greece,2022,12.5
EL,Greece,2023,11.1
EL,Greece,2024,10.1
EL,Greece,2025,8.9
ES,Spain,2016,19.6
ES,Spain,2017,17.2
ES,Spain,2018,15.3
ES,Spain,2019,14.1
ES,Spain,2020,15.5
ES,Spain,2021,14.9
ES,Spain,2022,13.0
ES,Spain,2023,12.2
ES,Spain,2024,11.4
ES,Spain,2025,10.5
FI,Finland,2016,8.9
FI,Finland,2017,8.7
FI,Finland,2018,7.5
FI,Finland,2019,6.8
FI,Finland,2020,7.7
FI,Finland,2021,7.7
FI,Finland,2022,6.8
FI,Finland,2023,7.2
FI,Finland,2024,8.4
FI,Finland,2025,9.7
FR,France,2016,10.1
FR,France,2017,9.4
FR,France,2018,9.0
FR,France,2019,8.4
FR,France,2020,8.0
FR,France,2021,7.9
FR,France,2022,7.3
FR,France,2023,7.3
FR,France,2024,7.4
FR,France,2025,7.7
HR,Croatia,2016,13.0
HR,Croatia,2017,11.1
HR,Croatia,2018,8.3
HR,Croatia,2019,6.6
HR,Croatia,2020,7.4
HR,Croatia,2021,7.5
HR,Croatia,2022,6.8
HR,Croatia,2023,6.1
HR,Croatia,2024,5.0
HR,Croatia,2025,4.9
HU,Hungary,2016,5.0
HU,Hungary,2017,4.0
HU,Hungary,2018,3.6
HU,Hungary,2019,3.3
HU,Hungary,2020,4.1
HU,Hungary,2021,4.0
HU,Hungary,2022,3.6
HU,Hungary,2023,4.1
HU,Hungary,2024,4.5
HU,Hungary,2025,4.4
IE,Ireland,2016,8.4
IE,Ireland,2017,6.7
IE,Ireland,2018,5.8
IE,Ireland,2019,5.0
IE,Ireland,2020,5.9
IE,Ireland,2021,6.2
IE,Ireland,2022,4.5
IE,Ireland,2023,4.3
IE,Ireland,2024,4.3
IE,Ireland,2025,4.7
IT,Italy,2016,11.7
IT,Italy,2017,11.3
IT,Italy,2018,10.6
IT,Italy,2019,9.9
IT,Italy,2020,9.3
IT,Italy,2021,9.5
IT,Italy,2022,8.1
IT,Italy,2023,7.7
IT,Italy,2024,6.5
IT,Italy,2025,6.1
LT,Lithuania,2016,7.9
LT,Lithuania,2017,7.1
LT,Lithuania,2018,6.2
LT,Lithuania,2019,6.3
LT,Lithuania,2020,8.5
LT,Lithuania,2021,7.1
LT,Lithuania,2022,6.0
LT,Lithuania,2023,6.9
LT,Lithuania,2024,7.1
LT,Lithuania,2025,6.9
LU,Luxembourg,2016,6.3
LU,Luxembourg,2017,5.5
LU,Luxembourg,2018,5.6
LU,Luxembourg,2019,5.6
LU,Luxembourg,2020,6.8
LU,Luxembourg,2021,5.3
LU,Luxembourg,2022,4.6
LU,Luxembourg,2023,5.2
LU,Luxembourg,2024,6.4
LU,Luxembourg,2025,6.5
LV,Latvia,2016,9.7
LV,Latvia,2017,8.7
LV,Latvia,2018,7.4
LV,Latvia,2019,6.3
LV,Latvia,2020,8.1
LV,Latvia,2021,7.6
LV,Latvia,2022,6.9
LV,Latvia,2023,6.5
LV,Latvia,2024,6.9
LV,Latvia,2025,6.9
MT,Malta,2016,4.7
MT,Malta,2017,4.0
MT,Malta,2018,4.0
MT,Malta,2019,4.1
MT,Malta,2020,4.9
MT,Malta,2021,3.8
MT,Malta,2022,3.5
MT,Malta,2023,3.5
MT,Malta,2024,3.2
MT,Malta,2025,3.1
NL,Netherlands,2016,7.0
NL,Netherlands,2017,5.9
NL,Netherlands,2018,4.9
NL,Netherlands,2019,4.4
NL,Netherlands,2020,4.9
NL,Netherlands,2021,4.2
NL,Netherlands,2022,3.5
NL,Netherlands,2023,3.6
NL,Netherlands,2024,3.7
NL,Netherlands,2025,3.9
PL,Poland,2016,6.3
PL,Poland,2017,5.0
PL,Poland,2018,3.9
PL,Poland,2019,3.3
PL,Poland,2020,3.2
PL,Poland,2021,3.4
PL,Poland,2022,2.9
PL,Poland,2023,2.8
PL,Poland,2024,2.9
PL,Poland,2025,3.1
PT,Portugal,2016,11.5
PT,Portugal,2017,9.2
PT,Portugal,2018,7.2
PT,Portugal,2019,6.6
PT,Portugal,2020,7.1
PT,Portugal,2021,6.7
PT,Portugal,2022,6.2
PT,Portugal,2023,6.5
PT,Portugal,2024,6.5
PT,Portugal,2025,6.0
RO,Romania,2016,7.2
RO,Romania,2017,6.1
RO,Romania,2018,5.3
RO,Romania,2019,4.9
RO,Romania,2020,6.1
RO,Romania,2021,5.6
RO,Romania,2022,5.6
RO,Romania,2023,5.6
RO,Romania,2024,5.4
RO,Romania,2025,6.1
SE,Sweden,2016,7.1
SE,Sweden,2017,6.8
SE,Sweden,2018,6.5
SE,Sweden,2019,6.9
SE,Sweden,2020,8.5
SE,Sweden,2021,8.9
SE,Sweden,2022,7.5
SE,Sweden,2023,7.7
SE,Sweden,2024,8.4
SE,Sweden,2025,8.8
SI,Slovenia,2016,8.0
SI,Slovenia,2017,6.6
SI,Slovenia,2018,5.1
SI,Slovenia,2019,4.4
SI,Slovenia,2020,5.0
SI,Slovenia,2021,4.8
SI,Slovenia,2022,4.0
SI,Slovenia,2023,3.7
SI,Slovenia,2024,3.7
SI,Slovenia,2025,3.9
SK,Slovakia,2016,9.6
SK,Slovakia,2017,8.1
SK,Slovakia,2018,6.5
SK,Slovakia,2019,5.7
SK,Slovakia,2020,6.7
SK,Slovakia,2021,6.8
SK,Slovakia,2022,6.1
SK,Slovakia,2023,5.8
SK,Slovakia,2024,5.3
SK,Slovakia,2025,5.4
