unit,country_code,country,year,gdp_meur
real,AT,Austria,2016,316647.9
real,AT,Austria,2017,323842.9
real,AT,Austria,2018,331887.9
real,AT,Austria,2019,337712.4
real,AT,Austria,2020,316374.9
real,AT,Austria,2021,331950.3
real,AT,Austria,2022,349646.5
real,AT,Austria,2023,346897.4
real,AT,Austria,2024,344611.1
real,AT,Austria,2025,347537.5
real,BE,Belgium,2016,388931.6
real,BE,Belgium,2017,394666.3
real,BE,Belgium,2018,402078.0
real,BE,Belgium,2019,411900.3
real,BE,Belgium,2020,392158.0
real,BE,Belgium,2021,416685.4
real,BE,Belgium,2022,433455.3
real,BE,Belgium,2023,440222.7
real,BE,Belgium,2024,445055.2
real,BE,Belgium,2025,449430.7
real,BG,Bulgaria,2016,42121.4
real,BG,Bulgaria,2017,43278.0
real,BG,Bulgaria,2018,44286.5
real,BG,Bulgaria,2019,45966.4
real,BG,Bulgaria,2020,44526.2
real,BG,Bulgaria,2021,48011.7
real,BG,Bulgaria,2022,49972.5
real,BG,Bulgaria,2023,50812.8
real,BG,Bulgaria,2024,52533.9
real,BG,Bulgaria,2025,54160.5
real,CY,Cyprus,2016,19081.4
real,CY,Cyprus,2017,20178.7
real,CY,Cyprus,2018,21444.3
real,CY,Cyprus,2019,22704.3
real,CY,Cyprus,2020,21973.0
real,CY,Cyprus,2021,24477.4
real,CY,Cyprus,2022,26616.4
real,CY,Cyprus,2023,27580.0
real,CY,Cyprus,2024,28666.9
real,CY,Cyprus,2025,29748.6
real,CZ,Czechia,2016,177253.0
real,CZ,Czechia,2017,186423.3
real,CZ,Czechia,2018,191699.7
real,CZ,Czechia,2019,198535.3
real,CZ,Czechia,2020,188003.2
real,CZ,Czechia,2021,195577.9
real,CZ,Czechia,2022,201146.3
real,CZ,Czechia,2023,201242.0
real,CZ,Czechia,2024,203760.2
real,CZ,Czechia,2025,209018.2
real,DE,Germany,2016,2906299.4
real,DE,Germany,2017,2987615.0
real,DE,Germany,2018,3021545.2
real,DE,Germany,2019,3051087.9
real,DE,Germany,2020,2925019.6
real,DE,Germany,2021,3039387.8
real,DE,Germany,2022,3094378.2
real,DE,Germany,2023,3067468.0
real,DE,Germany,2024,3052257.9
real,DE,Germany,2025,3058985.5
real,DK,Denmark,2016,266512.4
real,DK,Denmark,2017,274658.3
real,DK,Denmark,2018,279767.0
real,DK,Denmark,2019,284554.9
real,DK,Denmark,2020,279489.5
real,DK,Denmark,2021,297657.1
real,DK,Denmark,2022,298978.2
real,DK,Denmark,2023,300785.8
real,DK,Denmark,2024,311246.6
real,DK,Denmark,2025,320361.2
real,EE,Estonia,2016,18153.0
real,EE,Estonia,2017,19175.9
real,EE,Estonia,2018,19885.4
real,EE,Estonia,2019,20626.4
real,EE,Estonia,2020,20031.6
real,EE,Estonia,2021,21685.2
real,EE,Estonia,2022,21419.3
real,EE,Estonia,2023,20831.5
real,EE,Estonia,2024,20812.7
real,EE,Estonia,2025,20934.3
real,EL,Greece,2016,181479.1
real,EL,Greece,2017,184152.5
real,EL,Greece,2018,187954.7
real,EL,Greece,2019,192234.8
real,EL,Greece,2020,174556.4
real,EL,Greece,2021,189663.4
real,EL,Greece,2022,200136.6
real,EL,Greece,2023,204411.3
real,EL,Greece,2024,208676.5
real,EL,Greece,2025,213002.5
real,ES,Spain,2016,1114136.4
real,ES,Spain,2017,1146402.2
real,ES,Spain,2018,1173863.3
real,ES,Spain,2019,1196884.8
real,ES,Spain,2020,1065944.8
real,ES,Spain,2021,1137183.4
real,ES,Spain,2022,1209625.6
real,ES,Spain,2023,1239392.8
real,ES,Spain,2024,1282216.9
real,ES,Spain,2025,1318439.0
real,FI,Finland,2016,192657.0
real,FI,Finland,2017,199021.1
real,FI,Finland,2018,201395.4
real,FI,Finland,2019,204113.7
real,FI,Finland,2020,199029.2
real,FI,Finland,2021,204355.9
real,FI,Finland,2022,205915.2
real,FI,Finland,2023,203259.5
real,FI,Finland,2024,204020.8
real,FI,Finland,2025,204374.7
real,FR,France,2016,2125471.2
real,FR,France,2017,2169757.8
real,FR,France,2018,2205470.1
real,FR,France,2019,2250184.8
real,FR,France,2020,2082756.5
real,FR,France,2021,2226098.8
real,FR,France,2022,2286576.7
real,FR,France,2023,2323916.2
real,FR,France,2024,2358878.2
real,FR,France,2025,2377855.8
real,HR,Croatia,2016,47211.3
real,HR,Croatia,2017,48761.7
real,HR,Croatia,2018,50181.1
real,HR,Croatia,2019,51737.5
real,HR,Croatia,2020,47437.7
real,HR,Croatia,2021,53430.1
real,HR,Croatia,2022,57327.6
real,HR,Croatia,2023,59484.0
real,HR,Croatia,2024,61760.4
real,HR,Croatia,2025,63861.9
real,HU,Hungary,2016,113168.3
real,HU,Hungary,2017,117835.6
real,HU,Hungary,2018,124441.6
real,HU,Hungary,2019,130759.7
real,HU,Hungary,2020,125086.4
real,HU,Hungary,2021,134121.3
real,HU,Hungary,2022,139690.5
real,HU,Hungary,2023,138549.1
real,HU,Hungary,2024,139531.5
real,HU,Hungary,2025,140242.5
real,IE,Ireland,2016,238676.5
real,IE,Ireland,2017,262804.0
real,IE,Ireland,2018,283010.1
real,IE,Ireland,2019,297083.9
real,IE,Ireland,2020,318336.3
real,IE,Ireland,2021,370092.1
real,IE,Ireland,2022,397890.2
real,IE,Ireland,2023,387798.2
real,IE,Ireland,2024,397878.9
real,IE,Ireland,2025,446967.6
real,IT,Italy,2016,1582615.3
real,IT,Italy,2017,1607995.7
real,IT,Italy,2018,1621288.1
real,IT,Italy,2019,1628246.1
real,IT,Italy,2020,1483849.6
real,IT,Italy,2021,1616373.2
real,IT,Italy,2022,1694301.4
real,IT,Italy,2023,1709936.3
real,IT,Italy,2024,1723325.8
real,IT,Italy,2025,1732624.6
real,LT,Lithuania,2016,34999.4
real,LT,Lithuania,2017,36613.6
real,LT,Lithuania,2018,38414.4
real,LT,Lithuania,2019,40211.2
real,LT,Lithuania,2020,40228.4
real,LT,Lithuania,2021,42801.0
real,LT,Lithuania,2022,43856.1
real,LT,Lithuania,2023,44180.5
real,LT,Lithuania,2024,45519.2
real,LT,Lithuania,2025,46848.4
real,LU,Luxembourg,2016,49506.0
real,LU,Luxembourg,2017,50158.0
real,LU,Luxembourg,2018,50966.2
real,LU,Luxembourg,2019,52367.4
real,LU,Luxembourg,2020,52100.3
real,LU,Luxembourg,2021,55710.8
real,LU,Luxembourg,2022,55099.4
real,LU,Luxembourg,2023,55154.2
real,LU,Luxembourg,2024,55352.0
real,LU,Luxembourg,2025,55705.0
real,LV,Latvia,2016,21553.7
real,LV,Latvia,2017,22286.3
real,LV,Latvia,2018,23246.8
real,LV,Latvia,2019,23403.8
real,LV,Latvia,2020,22591.9
real,LV,Latvia,2021,24160.3
real,LV,Latvia,2022,24621.4
real,LV,Latvia,2023,24389.6
real,LV,Latvia,2024,24380.5
real,LV,Latvia,2025,24901.8
real,MT,Malta,2016,9416.5
real,MT,Malta,2017,10637.9
real,MT,Malta,2018,11402.7
real,MT,Malta,2019,11868.5
real,MT,Malta,2020,11458.2
real,MT,Malta,2021,12986.7
real,MT,Malta,2022,13324.6
real,MT,Malta,2023,14743.3
real,MT,Malta,2024,15658.1
real,MT,Malta,2025,16278.3
real,NL,Netherlands,2016,688532.8
real,NL,Netherlands,2017,707684.4
real,NL,Netherlands,2018,723669.1
real,NL,Netherlands,2019,740314.7
real,NL,Netherlands,2020,711679.3
real,NL,Netherlands,2021,756350.3
real,NL,Netherlands,2022,794222.5
real,NL,Netherlands,2023,789472.6
real,NL,Netherlands,2024,797950.2
real,NL,Netherlands,2025,812190.6
real,PL,Poland,2016,434111.0
real,PL,Poland,2017,456478.4
real,PL,Poland,2018,484989.4
real,PL,Poland,2019,507204.1
real,PL,Poland,2020,496879.7
real,PL,Poland,2021,531299.4
real,PL,Poland,2022,559221.6
real,PL,Poland,2023,560617.5
real,PL,Poland,2024,578830.3
real,PL,Poland,2025,599853.0
real,PT,Portugal,2016,175327.8
real,PT,Portugal,2017,181139.4
real,PT,Portugal,2018,186476.3
real,PT,Portugal,2019,191596.4
real,PT,Portugal,2020,175876.6
real,PT,Portugal,2021,185653.2
real,PT,Portugal,2022,198622.6
real,PT,Portugal,2023,204779.8
real,PT,Portugal,2024,209314.9
real,PT,Portugal,2025,213210.5
real,RO,Romania,2016,151357.4
real,RO,Romania,2017,163761.8
real,RO,Romania,2018,172596.0
real,RO,Romania,2019,179431.3
real,RO,Romania,2020,172975.3
real,RO,Romania,2021,182640.1
real,RO,Romania,2022,190288.5
real,RO,Romania,2023,194584.7
real,RO,Romania,2024,196367.1
real,RO,Romania,2025,197698.1
real,SE,Sweden,2016,421981.0
real,SE,Sweden,2017,429926.2
real,SE,Sweden,2018,437536.9
real,SE,Sweden,2019,448948.9
real,SE,Sweden,2020,440267.2
real,SE,Sweden,2021,463274.9
real,SE,Sweden,2022,469091.0
real,SE,Sweden,2023,468133.8
real,SE,Sweden,2024,477450.5
real,SE,Sweden,2025,484652.3
real,SI,Slovenia,2016,37879.1
real,SI,Slovenia,2017,39839.1
real,SI,Slovenia,2018,41583.7
real,SI,Slovenia,2019,43041.3
real,SI,Slovenia,2020,41283.0
real,SI,Slovenia,2021,44757.8
real,SI,Slovenia,2022,45952.1
real,SI,Slovenia,2023,47043.9
real,SI,Slovenia,2024,47858.4
real,SI,Slovenia,2025,48365.7
real,SK,Slovakia,2016,79400.3
real,SK,Slovakia,2017,81682.8
real,SK,Slovakia,2018,85000.9
real,SK,Slovakia,2019,86935.4
real,SK,Slovakia,2020,84687.7
real,SK,Slovakia,2021,89477.5
real,SK,Slovakia,2022,89964.8
real,SK,Slovakia,2023,91865.4
real,SK,Slovakia,2024,93646.4
real,SK,Slovakia,2025,94402.5
nominal,AT,Austria,2016,355665.6
nominal,AT,Austria,2017,367294.9
nominal,AT,Austria,2018,383234.3
nominal,AT,Austria,2019,395706.8
nominal,AT,Austria,2020,380317.9
nominal,AT,Austria,2021,406231.5
nominal,AT,Austria,2022,449382.2
nominal,AT,Austria,2023,477837.3
nominal,AT,Austria,2024,494087.6
nominal,AT,Austria,2025,514328.1
nominal,BE,Belgium,2016,428467.1
nominal,BE,Belgium,2017,443407.2
nominal,BE,Belgium,2018,459491.8
nominal,BE,Belgium,2019,479444.9
nominal,BE,Belgium,2020,463750.9
nominal,BE,Belgium,2021,506047.2
nominal,BE,Belgium,2022,561678.2
nominal,BE,Belgium,2023,601866.5
nominal,BE,Belgium,2024,619914.3
nominal,BE,Belgium,2025,642015.3
nominal,BG,Bulgaria,2016,48751.4
nominal,BG,Bulgaria,2017,52501.0
nominal,BG,Bulgaria,2018,55999.7
nominal,BG,Bulgaria,2019,61194.4
nominal,BG,Bulgaria,2020,61855.6
nominal,BG,Bulgaria,2021,71343.9
nominal,BG,Bulgaria,2022,86078.2
nominal,BG,Bulgaria,2023,94525.1
nominal,BG,Bulgaria,2024,104767.2
nominal,BG,Bulgaria,2025,116018.3
nominal,CY,Cyprus,2016,19013.8
nominal,CY,Cyprus,2017,20312.4
nominal,CY,Cyprus,2018,21807.8
nominal,CY,Cyprus,2019,23400.9
nominal,CY,Cyprus,2020,22373.6
nominal,CY,Cyprus,2021,25679.9
nominal,CY,Cyprus,2022,29645.4
nominal,CY,Cyprus,2023,32439.2
nominal,CY,Cyprus,2024,34770.2
nominal,CY,Cyprus,2025,36483.5
nominal,CZ,Czechia,2016,179145.9
nominal,CZ,Czechia,2017,196738.7
nominal,CZ,Czechia,2018,213505.4
nominal,CZ,Czechia,2019,229406.7
nominal,CZ,Czechia,2020,220310.6
nominal,CZ,Czechia,2021,246012.3
nominal,CZ,Czechia,2022,286976.8
nominal,CZ,Czechia,2023,319099.1
nominal,CZ,Czechia,2024,320786.5
nominal,CZ,Czechia,2025,346583.4
nominal,DE,Germany,2016,3195210.0
nominal,DE,Germany,2017,3333110.0
nominal,DE,Germany,2018,3434030.0
nominal,DE,Germany,2019,3537280.0
nominal,DE,Germany,2020,3450720.0
nominal,DE,Germany,2021,3682340.0
nominal,DE,Germany,2022,3989390.0
nominal,DE,Germany,2023,4219310.0
nominal,DE,Germany,2024,4328970.0
nominal,DE,Germany,2025,4469810.0
nominal,DK,Denmark,2016,282265.1
nominal,DK,Denmark,2017,294355.0
nominal,DK,Denmark,2018,301017.3
nominal,DK,Denmark,2019,308546.2
nominal,DK,Denmark,2020,312118.3
nominal,DK,Denmark,2021,343318.6
nominal,DK,Denmark,2022,380567.4
nominal,DK,Denmark,2023,374173.6
nominal,DK,Denmark,2024,392400.7
nominal,DK,Denmark,2025,410372.0
nominal,EE,Estonia,2016,22189.0
nominal,EE,Estonia,2017,24316.1
nominal,EE,Estonia,2018,26438.5
nominal,EE,Estonia,2019,28472.1
nominal,EE,Estonia,2020,27859.3
nominal,EE,Estonia,2021,31453.3
nominal,EE,Estonia,2022,36300.9
nominal,EE,Estonia,2023,38353.4
nominal,EE,Estonia,2024,39847.7
nominal,EE,Estonia,2025,41620.8
nominal,EL,Greece,2016,174448.2
nominal,EL,Greece,2017,177378.5
nominal,EL,Greece,2018,180615.7
nominal,EL,Greece,2019,185181.2
nominal,EL,Greece,2020,167539.5
nominal,EL,Greece,2021,184574.6
nominal,EL,Greece,2022,207008.7
nominal,EL,Greece,2023,224686.2
nominal,EL,Greece,2024,236736.0
nominal,EL,Greece,2025,248353.7
nominal,ES,Spain,2016,1122967.0
nominal,ES,Spain,2017,1170024.0
nominal,ES,Spain,2018,1212276.0
nominal,ES,Spain,2019,1253710.0
nominal,ES,Spain,2020,1129214.0
nominal,ES,Spain,2021,1235474.0
nominal,ES,Spain,2022,1375863.0
nominal,ES,Spain,2023,1497761.0
nominal,ES,Spain,2024,1594330.0
nominal,ES,Spain,2025,1687152.0
nominal,FI,Finland,2016,215717.0
nominal,FI,Finland,2017,224706.0
nominal,FI,Finland,2018,231905.0
nominal,FI,Finland,2019,238518.0
nominal,FI,Finland,2020,236387.0
nominal,FI,Finland,2021,248764.0
nominal,FI,Finland,2022,266135.0
nominal,FI,Finland,2023,273005.0
nominal,FI,Finland,2024,275993.0
nominal,FI,Finland,2025,280570.0
nominal,FR,France,2016,2231819.2
nominal,FR,France,2017,2291680.5
nominal,FR,France,2018,2355362.8
nominal,FR,France,2019,2432206.8
nominal,FR,France,2020,2318276.2
nominal,FR,France,2021,2508102.3
nominal,FR,France,2022,2653997.2
nominal,FR,France,2023,2833826.4
nominal,FR,France,2024,2935236.2
nominal,FR,France,2025,2991055.9
nominal,HR,Croatia,2016,47573.5
nominal,HR,Croatia,2017,50204.3
nominal,HR,Croatia,2018,53035.3
nominal,HR,Croatia,2019,55767.8
nominal,HR,Croatia,2020,50717.8
nominal,HR,Croatia,2021,58390.4
nominal,HR,Croatia,2022,67609.4
nominal,HR,Croatia,2023,79186.3
nominal,HR,Croatia,2024,85905.2
nominal,HR,Croatia,2025,92975.1
nominal,HU,Hungary,2016,116593.5
nominal,HU,Hungary,2017,127222.5
nominal,HU,Hungary,2018,136580.0
nominal,HU,Hungary,2019,147373.2
nominal,HU,Hungary,2020,138954.5
nominal,HU,Hungary,2021,154971.7
nominal,HU,Hungary,2022,168546.2
nominal,HU,Hungary,2023,196983.7
nominal,HU,Hungary,2024,206156.2
nominal,HU,Hungary,2025,218833.9
nominal,IE,Ireland,2016,275933.1
nominal,IE,Ireland,2017,308366.0
nominal,IE,Ireland,2018,335136.0
nominal,IE,Ireland,2019,363752.6
nominal,IE,Ireland,2020,381728.7
nominal,IE,Ireland,2021,448445.1
nominal,IE,Ireland,2022,520718.4
nominal,IE,Ireland,2023,524728.8
nominal,IE,Ireland,2024,562794.2
nominal,IE,Ireland,2025,638683.3
nominal,IT,Italy,2016,1704856.7
nominal,IT,Italy,2017,1744493.0
nominal,IT,Italy,2018,1777744.4
nominal,IT,Italy,2019,1804066.8
nominal,IT,Italy,2020,1670011.9
nominal,IT,Italy,2021,1842507.4
nominal,IT,Italy,2022,1998072.6
nominal,IT,Italy,2023,2142744.4
nominal,IT,Italy,2024,2202031.2
nominal,IT,Italy,2025,2258048.7
nominal,LT,Lithuania,2016,38820.7
nominal,LT,Lithuania,2017,42274.6
nominal,LT,Lithuania,2018,45947.4
nominal,LT,Lithuania,2019,49239.2
nominal,LT,Lithuania,2020,50264.6
nominal,LT,Lithuania,2021,56709.1
nominal,LT,Lithuania,2022,67081.1
nominal,LT,Lithuania,2023,74317.0
nominal,LT,Lithuania,2024,78996.2
nominal,LT,Lithuania,2025,84258.0
nominal,LU,Luxembourg,2016,56208.1
nominal,LU,Luxembourg,2017,58168.8
nominal,LU,Luxembourg,2018,60193.4
nominal,LU,Luxembourg,2019,62415.0
nominal,LU,Luxembourg,2020,64499.2
nominal,LU,Luxembourg,2021,73039.5
nominal,LU,Luxembourg,2022,76731.2
nominal,LU,Luxembourg,2023,82115.5
nominal,LU,Luxembourg,2024,86180.3
nominal,LU,Luxembourg,2025,89521.5
nominal,LV,Latvia,2016,24498.2
nominal,LV,Latvia,2017,26017.1
nominal,LV,Latvia,2018,28153.4
nominal,LV,Latvia,2019,29567.0
nominal,LV,Latvia,2020,29224.3
nominal,LV,Latvia,2021,32283.8
nominal,LV,Latvia,2022,36088.7
nominal,LV,Latvia,2023,39564.2
nominal,LV,Latvia,2024,40652.3
nominal,LV,Latvia,2025,43026.2
nominal,MT,Malta,2016,10864.3
nominal,MT,Malta,2017,12535.7
nominal,MT,Malta,2018,13678.6
nominal,MT,Malta,2019,14594.2
nominal,MT,Malta,2020,14362.4
nominal,MT,Malta,2021,16680.3
nominal,MT,Malta,2022,17985.3
nominal,MT,Malta,2023,20929.2
nominal,MT,Malta,2024,23142.3
nominal,MT,Malta,2025,24577.9
nominal,NL,Netherlands,2016,720175.0
nominal,NL,Netherlands,2017,750861.0
nominal,NL,Netherlands,2018,787273.0
nominal,NL,Netherlands,2019,829767.0
nominal,NL,Netherlands,2020,816463.0
nominal,NL,Netherlands,2021,891550.0
nominal,NL,Netherlands,2022,993820.0
nominal,NL,Netherlands,2023,1050133.0
nominal,NL,Netherlands,2024,1121543.0
nominal,NL,Netherlands,2025,1179458.0
nominal,PL,Poland,2016,427658.6
nominal,PL,Poland,2017,469071.2
nominal,PL,Poland,2018,503951.0
nominal,PL,Poland,2019,538423.5
nominal,PL,Poland,2020,531827.4
nominal,PL,Poland,2021,583001.4
nominal,PL,Poland,2022,661712.3
nominal,PL,Poland,2023,751931.7
nominal,PL,Poland,2024,852229.8
nominal,PL,Poland,2025,922865.5
nominal,PT,Portugal,2016,186380.7
nominal,PT,Portugal,2017,195509.1
nominal,PT,Portugal,2018,204997.6
nominal,PT,Portugal,2019,214489.9
nominal,PT,Portugal,2020,201032.7
nominal,PT,Portugal,2021,216493.7
nominal,PT,Portugal,2022,243957.1
nominal,PT,Portugal,2023,270352.6
nominal,PT,Portugal,2024,289784.3
nominal,PT,Portugal,2025,306741.7
nominal,RO,Romania,2016,167497.1
nominal,RO,Romania,2017,186399.2
nominal,RO,Romania,2018,204780.7
nominal,RO,Romania,2019,223341.4
nominal,RO,Romania,2020,219839.8
nominal,RO,Romania,2021,240986.6
nominal,RO,Romania,2022,280777.4
nominal,RO,Romania,2023,321577.9
nominal,RO,Romania,2024,353633.1
nominal,RO,Romania,2025,380058.1
nominal,SE,Sweden,2016,463918.8
nominal,SE,Sweden,2017,474838.2
nominal,SE,Sweden,2018,465753.3
nominal,SE,Sweden,2019,474202.9
nominal,SE,Sweden,2020,478106.9
nominal,SE,Sweden,2021,533953.6
nominal,SE,Sweden,2022,547190.4
nominal,SE,Sweden,2023,535176.8
nominal,SE,Sweden,2024,563572.2
nominal,SE,Sweden,2025,601240.9
nominal,SI,Slovenia,2016,40013.2
nominal,SI,Slovenia,2017,42625.5
nominal,SI,Slovenia,2018,45462.4
nominal,SI,Slovenia,2019,48156.5
nominal,SI,Slovenia,2020,46738.7
nominal,SI,Slovenia,2021,52032.4
nominal,SI,Slovenia,2022,56881.6
nominal,SI,Slovenia,2023,64050.0
nominal,SI,Slovenia,2024,67418.1
nominal,SI,Slovenia,2025,70486.2
nominal,SK,Slovakia,2016,81621.6
nominal,SK,Slovakia,2017,84960.4
nominal,SK,Slovakia,2018,90275.9
nominal,SK,Slovakia,2019,94547.5
nominal,SK,Slovakia,2020,94320.6
nominal,SK,Slovakia,2021,101891.6
nominal,SK,Slovakia,2022,109959.8
nominal,SK,Slovakia,2023,123538.7
nominal,SK,Slovakia,2024,130207.5
nominal,SK,Slovakia,2025,136754.3
