country_code,product_code,product_description,year,indic_et,value_meur
AT,TOTAL,total,2002,balance,395.4
BE,TOTAL,total,2002,balance,18841.3
BG,TOTAL,total,2002,balance,-2348.4
CY,TOTAL,total,2002,balance,-3453.5
CZ,TOTAL,total,2002,balance,-2289.0
DE,TOTAL,total,2002,balance,132771.0
DK,TOTAL,total,2002,balance,7587.3
EE,TOTAL,total,2002,balance,-1437.1
EL,TOTAL,total,2002,balance,-26344.4
ES,TOTAL,total,2002,balance,-41685.4
FI,TOTAL,total,2002,balance,11555.8
FR,TOTAL,total,2002,balance,2598.3
HR,TOTAL,total,2002,balance,-6138.9
HU,TOTAL,total,2002,balance,-3423.8
IE,TOTAL,total,2002,balance,37930.1
IT,TOTAL,total,2002,balance,7837.7
LT,TOTAL,total,2002,balance,-2421.6
LU,TOTAL,total,2002,balance,-2576.6
LV,TOTAL,total,2002,balance,-1862.2
MT,TOTAL,total,2002,balance,-654.3
NL,TOTAL,total,2002,balance,26220.3
PL,TOTAL,total,2002,balance,-14981.0
PT,TOTAL,total,2002,balance,-15068.0
RO,TOTAL,total,2002,balance,-4206.0
SE,TOTAL,total,2002,balance,15380.8
SI,TOTAL,total,2002,balance,-612.1
SK,TOTAL,total,2002,balance,-2282.7
AT,TOTAL,total,2002,export,83199.0
BE,TOTAL,total,2002,export,228561.1
BG,TOTAL,total,2002,export,6062.9
CY,TOTAL,total,2002,export,449.4
CZ,TOTAL,total,2002,export,40706.3
DE,TOTAL,total,2002,export,651259.2
DK,TOTAL,total,2002,export,60802.4
EE,TOTAL,total,2002,export,3642.4
EL,TOTAL,total,2002,export,12121.4
ES,TOTAL,total,2002,export,132917.9
FI,TOTAL,total,2002,export,47742.3
FR,TOTAL,total,2002,export,350802.9
HR,TOTAL,total,2002,export,5188.2
HU,TOTAL,total,2002,export,36503.1
IE,TOTAL,total,2002,export,93343.3
IT,TOTAL,total,2002,export,269063.5
LT,TOTAL,total,2002,export,5536.8
LU,TOTAL,total,2002,export,10801.9
LV,TOTAL,total,2002,export,2416.6
MT,TOTAL,total,2002,export,2144.3
NL,TOTAL,total,2002,export,258099.0
PL,TOTAL,total,2002,export,43499.3
PT,TOTAL,total,2002,export,27398.3
RO,TOTAL,total,2002,export,14674.9
SE,TOTAL,total,2002,export,86187.7
SI,TOTAL,total,2002,export,10962.0
SK,TOTAL,total,2002,export,15234.1
AT,TOTAL,total,2002,import,82803.6
BE,TOTAL,total,2002,import,209719.8
BG,TOTAL,total,2002,import,8411.2
CY,TOTAL,total,2002,import,3902.9
CZ,TOTAL,total,2002,import,42995.3
DE,TOTAL,total,2002,import,518488.2
DK,TOTAL,total,2002,import,53215.1
EE,TOTAL,total,2002,import,5079.4
EL,TOTAL,total,2002,import,38465.7
ES,TOTAL,total,2002,import,174603.3
FI,TOTAL,total,2002,import,36186.5
FR,TOTAL,total,2002,import,348204.5
HR,TOTAL,total,2002,import,11327.0
HU,TOTAL,total,2002,import,39926.9
IE,TOTAL,total,2002,import,55413.2
IT,TOTAL,total,2002,import,261225.9
LT,TOTAL,total,2002,import,7958.4
LU,TOTAL,total,2002,import,13378.5
LV,TOTAL,total,2002,import,4278.8
MT,TOTAL,total,2002,import,2798.6
NL,TOTAL,total,2002,import,231878.7
PL,TOTAL,total,2002,import,58480.2
PT,TOTAL,total,2002,import,42466.3
RO,TOTAL,total,2002,import,18880.8
SE,TOTAL,total,2002,import,70806.8
SI,TOTAL,total,2002,import,11574.1
SK,TOTAL,total,2002,import,17516.8
AT,TOTAL,total,2003,balance,-2108.7
BE,TOTAL,total,2003,balance,18274.4
BG,TOTAL,total,2003,balance,-2942.3
CY,TOTAL,total,2003,balance,-3155.7
CZ,TOTAL,total,2003,balance,-2675.1
DE,TOTAL,total,2003,balance,129904.5
DK,TOTAL,total,2003,balance,8030.3
EE,TOTAL,total,2003,balance,-1713.0
EL,TOTAL,total,2003,balance,-29958.9
ES,TOTAL,total,2003,balance,-46371.9
FI,TOTAL,total,2003,balance,9421.7
FR,TOTAL,total,2003,balance,-6012.2
HR,TOTAL,total,2003,balance,-7073.6
HU,TOTAL,total,2003,balance,-4167.3
IE,TOTAL,total,2003,balance,34361.1
IT,TOTAL,total,2003,balance,1603.7
LT,TOTAL,total,2003,balance,-2367.7
LU,TOTAL,total,2003,balance,-2535.4
LV,TOTAL,total,2003,balance,-2070.0
MT,TOTAL,total,2003,balance,-862.0
NL,TOTAL,total,2003,balance,27676.7
PL,TOTAL,total,2003,balance,-12827.4
PT,TOTAL,total,2003,balance,-13651.5
RO,TOTAL,total,2003,balance,-5587.6
SE,TOTAL,total,2003,balance,16410.7
SI,TOTAL,total,2003,balance,-954.0
SK,TOTAL,total,2003,balance,-625.2
AT,TOTAL,total,2003,export,85878.8
BE,TOTAL,total,2003,export,225969.6
BG,TOTAL,total,2003,export,6668.2
CY,TOTAL,total,2003,export,421.2
CZ,TOTAL,total,2003,export,43053.0
DE,TOTAL,total,2003,export,664391.9
DK,TOTAL,total,2003,export,58798.1
EE,TOTAL,total,2003,export,4002.7
EL,TOTAL,total,2003,export,12516.6
ES,TOTAL,total,2003,export,138036.2
FI,TOTAL,total,2003,export,47004.1
FR,TOTAL,total,2003,export,346569.3
HR,TOTAL,total,2003,export,5464.4
HU,TOTAL,total,2003,export,38096.0
IE,TOTAL,total,2003,export,81997.3
IT,TOTAL,total,2003,export,264615.6
LT,TOTAL,total,2003,export,6158.1
LU,TOTAL,total,2003,export,11754.8
LV,TOTAL,total,2003,export,2557.0
MT,TOTAL,total,2003,export,1991.1
NL,TOTAL,total,2003,export,261679.9
PL,TOTAL,total,2003,export,47526.4
PT,TOTAL,total,2003,export,28074.0
RO,TOTAL,total,2003,export,15613.8
SE,TOTAL,total,2003,export,90261.9
SI,TOTAL,total,2003,export,11285.0
SK,TOTAL,total,2003,export,19309.4
AT,TOTAL,total,2003,import,87987.5
BE,TOTAL,total,2003,import,207695.2
BG,TOTAL,total,2003,import,9610.5
CY,TOTAL,total,2003,import,3576.9
CZ,TOTAL,total,2003,import,45728.1
DE,TOTAL,total,2003,import,534487.4
DK,TOTAL,total,2003,import,50767.8
EE,TOTAL,total,2003,import,5715.7
EL,TOTAL,total,2003,import,42475.5
ES,TOTAL,total,2003,import,184408.0
FI,TOTAL,total,2003,import,37582.4
FR,TOTAL,total,2003,import,352581.5
HR,TOTAL,total,2003,import,12538.0
HU,TOTAL,total,2003,import,42263.3
IE,TOTAL,total,2003,import,47636.2
IT,TOTAL,total,2003,import,263011.9
LT,TOTAL,total,2003,import,8525.8
LU,TOTAL,total,2003,import,14290.2
LV,TOTAL,total,2003,import,4627.0
MT,TOTAL,total,2003,import,2853.1
NL,TOTAL,total,2003,import,234003.2
PL,TOTAL,total,2003,import,60353.8
PT,TOTAL,total,2003,import,41725.5
RO,TOTAL,total,2003,import,21201.4
SE,TOTAL,total,2003,import,73851.2
SI,TOTAL,total,2003,import,12238.9
SK,TOTAL,total,2003,import,19934.6
AT,TOTAL,total,2004,balance,-1229.8
BE,TOTAL,total,2004,balance,17080.0
BG,TOTAL,total,2004,balance,-3634.6
CY,TOTAL,total,2004,balance,-3661.0
CZ,TOTAL,total,2004,balance,-788.6
DE,TOTAL,total,2004,balance,156077.9
DK,TOTAL,total,2004,balance,7173.1
EE,TOTAL,total,2004,balance,-1934.4
EL,TOTAL,total,2004,balance,-31782.3
ES,TOTAL,total,2004,balance,-60863.4
FI,TOTAL,total,2004,balance,8101.5
FR,TOTAL,total,2004,balance,-15144.9
HR,TOTAL,total,2004,balance,-6900.5
HU,TOTAL,total,2004,balance,-3996.8
IE,TOTAL,total,2004,balance,34547.8
IT,TOTAL,total,2004,balance,-1221.1
LT,TOTAL,total,2004,balance,-2480.4
LU,TOTAL,total,2004,balance,-3052.3
LV,TOTAL,total,2004,balance,-2481.2
MT,TOTAL,total,2004,balance,-903.4
NL,TOTAL,total,2004,balance,30346.7
PL,TOTAL,total,2004,balance,-11777.1
PT,TOTAL,total,2004,balance,-15404.3
RO,TOTAL,total,2004,balance,-7345.8
SE,TOTAL,total,2004,balance,18356.6
SI,TOTAL,total,2004,balance,-1123.2
SK,TOTAL,total,2004,balance,-1701.8
AT,TOTAL,total,2004,export,95164.9
BE,TOTAL,total,2004,export,246697.0
BG,TOTAL,total,2004,export,7984.9
CY,TOTAL,total,2004,export,761.8
CZ,TOTAL,total,2004,export,55459.8
DE,TOTAL,total,2004,export,731479.1
DK,TOTAL,total,2004,export,61966.0
EE,TOTAL,total,2004,export,4768.7
EL,TOTAL,total,2004,export,13366.2
ES,TOTAL,total,2004,export,146814.7
FI,TOTAL,total,2004,export,49457.6
FR,TOTAL,total,2004,export,363458.4
HR,TOTAL,total,2004,export,6453.8
HU,TOTAL,total,2004,export,44671.4
IE,TOTAL,total,2004,export,84241.6
IT,TOTAL,total,2004,export,284413.4
LT,TOTAL,total,2004,export,7477.7
LU,TOTAL,total,2004,export,13063.5
LV,TOTAL,total,2004,export,3223.1
MT,TOTAL,total,2004,export,2023.4
NL,TOTAL,total,2004,export,287335.9
PL,TOTAL,total,2004,export,60331.7
PT,TOTAL,total,2004,export,28769.8
RO,TOTAL,total,2004,export,18935.0
SE,TOTAL,total,2004,export,99097.0
SI,TOTAL,total,2004,export,13153.3
SK,TOTAL,total,2004,export,22304.6
AT,TOTAL,total,2004,import,96394.7
BE,TOTAL,total,2004,import,229617.0
BG,TOTAL,total,2004,import,11619.5
CY,TOTAL,total,2004,import,4422.8
CZ,TOTAL,total,2004,import,56248.5
DE,TOTAL,total,2004,import,575401.2
DK,TOTAL,total,2004,import,54792.8
EE,TOTAL,total,2004,import,6703.2
EL,TOTAL,total,2004,import,45148.5
ES,TOTAL,total,2004,import,207678.2
FI,TOTAL,total,2004,import,41356.1
FR,TOTAL,total,2004,import,378603.3
HR,TOTAL,total,2004,import,13354.4
HU,TOTAL,total,2004,import,48668.2
IE,TOTAL,total,2004,import,49693.8
IT,TOTAL,total,2004,import,285634.4
LT,TOTAL,total,2004,import,9958.2
LU,TOTAL,total,2004,import,16115.8
LV,TOTAL,total,2004,import,5704.2
MT,TOTAL,total,2004,import,2926.8
NL,TOTAL,total,2004,import,256989.2
PL,TOTAL,total,2004,import,72108.8
PT,TOTAL,total,2004,import,44174.1
RO,TOTAL,total,2004,import,26280.7
SE,TOTAL,total,2004,import,80740.3
SI,TOTAL,total,2004,import,14276.5
SK,TOTAL,total,2004,import,24006.4
AT,TOTAL,total,2005,balance,-1724.1
BE,TOTAL,total,2005,balance,12619.8
BG,TOTAL,total,2005,balance,-3274.2
CY,TOTAL,total,2005,balance,-3899.2
CZ,TOTAL,total,2005,balance,1284.8
DE,TOTAL,total,2005,balance,155808.8
DK,TOTAL,total,2005,balance,7667.9
EE,TOTAL,total,2005,balance,-2027.7
EL,TOTAL,total,2005,balance,-31580.4
ES,TOTAL,total,2005,balance,-77277.8
FI,TOTAL,total,2005,balance,5411.0
FR,TOTAL,total,2005,balance,-32711.6
HR,TOTAL,total,2005,balance,-7880.1
HU,TOTAL,total,2005,balance,-2906.4
IE,TOTAL,total,2005,balance,33029.8
IT,TOTAL,total,2005,balance,-9368.6
LT,TOTAL,total,2005,balance,-3007.6
LU,TOTAL,total,2005,balance,-2760.5
LV,TOTAL,total,2005,balance,-2842.1
MT,TOTAL,total,2005,balance,-1060.3
NL,TOTAL,total,2005,balance,34201.5
PL,TOTAL,total,2005,balance,-9807.5
PT,TOTAL,total,2005,balance,-20242.1
RO,TOTAL,total,2005,balance,-10313.4
SE,TOTAL,total,2005,balance,15485.2
SI,TOTAL,total,2005,balance,-875.3
SK,TOTAL,total,2005,balance,-2218.5
AT,TOTAL,total,2005,export,100620.6
BE,TOTAL,total,2005,export,268788.8
BG,TOTAL,total,2005,export,9223.3
CY,TOTAL,total,2005,export,1177.4
CZ,TOTAL,total,2005,export,62784.6
DE,TOTAL,total,2005,export,780415.2
DK,TOTAL,total,2005,export,68419.6
EE,TOTAL,total,2005,export,6201.9
EL,TOTAL,total,2005,export,14856.8
ES,TOTAL,total,2005,export,154846.4
FI,TOTAL,total,2005,export,52646.6
FR,TOTAL,total,2005,export,372500.6
HR,TOTAL,total,2005,export,7069.4
HU,TOTAL,total,2005,export,50587.9
IE,TOTAL,total,2005,export,88142.0
IT,TOTAL,total,2005,export,299923.4
LT,TOTAL,total,2005,export,9490.1
LU,TOTAL,total,2005,export,15394.1
LV,TOTAL,total,2005,export,4148.6
MT,TOTAL,total,2005,export,1928.2
NL,TOTAL,total,2005,export,326639.7
PL,TOTAL,total,2005,export,71889.2
PT,TOTAL,total,2005,export,31137.1
RO,TOTAL,total,2005,export,22255.1
SE,TOTAL,total,2005,export,105266.4
SI,TOTAL,total,2005,export,15471.2
SK,TOTAL,total,2005,export,25632.4
AT,TOTAL,total,2005,import,102344.8
BE,TOTAL,total,2005,import,256169.0
BG,TOTAL,total,2005,import,12497.5
CY,TOTAL,total,2005,import,5076.6
CZ,TOTAL,total,2005,import,61499.8
DE,TOTAL,total,2005,import,624606.4
DK,TOTAL,total,2005,import,60751.7
EE,TOTAL,total,2005,import,8229.6
EL,TOTAL,total,2005,import,46437.3
ES,TOTAL,total,2005,import,232124.2
FI,TOTAL,total,2005,import,47235.6
FR,TOTAL,total,2005,import,405212.1
HR,TOTAL,total,2005,import,14949.5
HU,TOTAL,total,2005,import,53494.3
IE,TOTAL,total,2005,import,55112.2
IT,TOTAL,total,2005,import,309292.0
LT,TOTAL,total,2005,import,12497.7
LU,TOTAL,total,2005,import,18154.6
LV,TOTAL,total,2005,import,6990.7
MT,TOTAL,total,2005,import,2988.5
NL,TOTAL,total,2005,import,292438.2
PL,TOTAL,total,2005,import,81696.7
PT,TOTAL,total,2005,import,51379.2
RO,TOTAL,total,2005,import,32568.5
SE,TOTAL,total,2005,import,89781.2
SI,TOTAL,total,2005,import,16346.5
SK,TOTAL,total,2005,import,27850.9
AT,TOTAL,total,2006,balance,-366.8
BE,TOTAL,total,2006,balance,12033.7
BG,TOTAL,total,2006,balance,-3676.0
CY,TOTAL,total,2006,balance,-4455.9
CZ,TOTAL,total,2006,balance,1384.3
DE,TOTAL,total,2006,balance,160419.5
DK,TOTAL,total,2006,balance,5615.7
EE,TOTAL,total,2006,balance,-2992.5
EL,TOTAL,total,2006,balance,-36443.4
ES,TOTAL,total,2006,balance,-91573.3
FI,TOTAL,total,2006,balance,6236.6
FR,TOTAL,total,2006,balance,-36676.9
HR,TOTAL,total,2006,balance,-8853.1
HU,TOTAL,total,2006,balance,-2394.8
IE,TOTAL,total,2006,balance,28359.3
IT,TOTAL,total,2006,balance,-20451.8
LT,TOTAL,total,2006,balance,-4166.5
LU,TOTAL,total,2006,balance,-3273.8
LV,TOTAL,total,2006,balance,-4289.6
MT,TOTAL,total,2006,balance,-1203.8
NL,TOTAL,total,2006,balance,37270.6
PL,TOTAL,total,2006,balance,-12909.4
PT,TOTAL,total,2006,balance,-20654.2
RO,TOTAL,total,2006,balance,-14895.4
SE,TOTAL,total,2006,balance,16124.4
SI,TOTAL,total,2006,balance,-725.6
SK,TOTAL,total,2006,balance,-2488.1
AT,TOTAL,total,2006,export,108913.1
BE,TOTAL,total,2006,export,292087.1
BG,TOTAL,total,2006,export,11748.1
CY,TOTAL,total,2006,export,1061.8
CZ,TOTAL,total,2006,export,75604.4
DE,TOTAL,total,2006,export,882531.6
DK,TOTAL,total,2006,export,73716.1
EE,TOTAL,total,2006,export,7719.0
EL,TOTAL,total,2006,export,17131.0
ES,TOTAL,total,2006,export,170210.9
FI,TOTAL,total,2006,export,61489.2
FR,TOTAL,total,2006,export,394925.0
HR,TOTAL,total,2006,export,8251.6
HU,TOTAL,total,2006,export,59935.8
IE,TOTAL,total,2006,export,86592.6
IT,TOTAL,total,2006,export,332012.9
LT,TOTAL,total,2006,export,11262.8
LU,TOTAL,total,2006,export,18337.0
LV,TOTAL,total,2006,export,4901.9
MT,TOTAL,total,2006,export,2226.5
NL,TOTAL,total,2006,export,369249.3
PL,TOTAL,total,2006,export,88228.9
PT,TOTAL,total,2006,export,35640.5
RO,TOTAL,total,2006,export,25850.5
SE,TOTAL,total,2006,export,117706.9
SI,TOTAL,total,2006,export,18501.0
SK,TOTAL,total,2006,export,33339.8
AT,TOTAL,total,2006,import,109280.0
BE,TOTAL,total,2006,import,280053.4
BG,TOTAL,total,2006,import,15424.2
CY,TOTAL,total,2006,import,5517.7
CZ,TOTAL,total,2006,import,74220.0
DE,TOTAL,total,2006,import,722112.0
DK,TOTAL,total,2006,import,68100.4
EE,TOTAL,total,2006,import,10711.4
EL,TOTAL,total,2006,import,53574.3
ES,TOTAL,total,2006,import,261784.2
FI,TOTAL,total,2006,import,55252.6
FR,TOTAL,total,2006,import,431601.9
HR,TOTAL,total,2006,import,17104.7
HU,TOTAL,total,2006,import,62330.6
IE,TOTAL,total,2006,import,58233.3
IT,TOTAL,total,2006,import,352464.7
LT,TOTAL,total,2006,import,15429.4
LU,TOTAL,total,2006,import,21610.8
LV,TOTAL,total,2006,import,9191.5
MT,TOTAL,total,2006,import,3430.3
NL,TOTAL,total,2006,import,331978.7
PL,TOTAL,total,2006,import,101138.4
PT,TOTAL,total,2006,import,56294.6
RO,TOTAL,total,2006,import,40745.8
SE,TOTAL,total,2006,import,101582.6
SI,TOTAL,total,2006,import,19226.6
SK,TOTAL,total,2006,import,35827.9
AT,TOTAL,total,2007,balance,425.5
BE,TOTAL,total,2007,balance,14151.0
BG,TOTAL,total,2007,balance,-8349.5
CY,TOTAL,total,2007,balance,-5268.7
CZ,TOTAL,total,2007,balance,3158.6
DE,TOTAL,total,2007,balance,194258.5
DK,TOTAL,total,2007,balance,3753.8
EE,TOTAL,total,2007,balance,-3405.6
EL,TOTAL,total,2007,balance,-42541.6
ES,TOTAL,total,2007,balance,-99236.7
FI,TOTAL,total,2007,balance,6071.6
FR,TOTAL,total,2007,balance,-51987.9
HR,TOTAL,total,2007,balance,-9828.8
HU,TOTAL,total,2007,balance,-120.7
IE,TOTAL,total,2007,balance,27523.9
IT,TOTAL,total,2007,balance,-8595.9
LT,TOTAL,total,2007,balance,-5303.3
LU,TOTAL,total,2007,balance,-3718.1
LV,TOTAL,total,2007,balance,-5117.5
MT,TOTAL,total,2007,balance,-995.6
NL,TOTAL,total,2007,balance,42458.1
PL,TOTAL,total,2007,balance,-18652.5
PT,TOTAL,total,2007,balance,-21632.5
RO,TOTAL,total,2007,balance,-21762.4
SE,TOTAL,total,2007,balance,11376.0
SI,TOTAL,total,2007,balance,-1058.8
SK,TOTAL,total,2007,balance,-1533.0
AT,TOTAL,total,2007,export,119387.4
BE,TOTAL,total,2007,export,314448.7
BG,TOTAL,total,2007,export,13512.1
CY,TOTAL,total,2007,export,1017.1
CZ,TOTAL,total,2007,export,89381.8
DE,TOTAL,total,2007,export,964038.0
DK,TOTAL,total,2007,export,75280.0
EE,TOTAL,total,2007,export,8033.5
EL,TOTAL,total,2007,export,19317.3
ES,TOTAL,total,2007,export,184821.1
FI,TOTAL,total,2007,export,65687.6
FR,TOTAL,total,2007,export,408326.9
HR,TOTAL,total,2007,export,9004.1
HU,TOTAL,total,2007,export,69609.5
IE,TOTAL,total,2007,export,88685.5
IT,TOTAL,total,2007,export,364743.9
LT,TOTAL,total,2007,export,12509.4
LU,TOTAL,total,2007,export,16733.5
LV,TOTAL,total,2007,export,6062.3
MT,TOTAL,total,2007,export,2507.8
NL,TOTAL,total,2007,export,401900.8
PL,TOTAL,total,2007,export,102259.4
PT,TOTAL,total,2007,export,38294.1
RO,TOTAL,total,2007,export,29542.7
SE,TOTAL,total,2007,export,123179.1
SI,TOTAL,total,2007,export,21979.6
SK,TOTAL,total,2007,export,42696.5
AT,TOTAL,total,2007,import,118961.9
BE,TOTAL,total,2007,import,300297.7
BG,TOTAL,total,2007,import,21861.5
CY,TOTAL,total,2007,import,6285.8
CZ,TOTAL,total,2007,import,86223.2
DE,TOTAL,total,2007,import,769779.5
DK,TOTAL,total,2007,import,71526.3
EE,TOTAL,total,2007,import,11439.1
EL,TOTAL,total,2007,import,61858.9
ES,TOTAL,total,2007,import,284057.8
FI,TOTAL,total,2007,import,59616.0
FR,TOTAL,total,2007,import,460314.8
HR,TOTAL,total,2007,import,18833.0
HU,TOTAL,total,2007,import,69730.2
IE,TOTAL,total,2007,import,61161.6
IT,TOTAL,total,2007,import,373339.8
LT,TOTAL,total,2007,import,17812.6
LU,TOTAL,total,2007,import,20451.6
LV,TOTAL,total,2007,import,11179.8
MT,TOTAL,total,2007,import,3503.5
NL,TOTAL,total,2007,import,359442.7
PL,TOTAL,total,2007,import,120911.8
PT,TOTAL,total,2007,import,59926.5
RO,TOTAL,total,2007,import,51305.1
SE,TOTAL,total,2007,import,111803.2
SI,TOTAL,total,2007,import,23038.4
SK,TOTAL,total,2007,import,44229.5
AT,TOTAL,total,2008,balance,-2042.6
BE,TOTAL,total,2008,balance,3761.8
BG,TOTAL,total,2008,balance,-9889.9
CY,TOTAL,total,2008,balance,-6126.2
CZ,TOTAL,total,2008,balance,3237.2
DE,TOTAL,total,2008,balance,177525.5
DK,TOTAL,total,2008,balance,5140.3
EE,TOTAL,total,2008,balance,-2426.4
EL,TOTAL,total,2008,balance,-44301.7
ES,TOTAL,total,2008,balance,-94717.1
FI,TOTAL,total,2008,balance,3177.9
FR,TOTAL,total,2008,balance,-68367.4
HR,TOTAL,total,2008,balance,-11232.0
HU,TOTAL,total,2008,balance,-296.5
IE,TOTAL,total,2008,balance,28389.0
IT,TOTAL,total,2008,balance,-13034.6
LT,TOTAL,total,2008,balance,-5067.0
LU,TOTAL,total,2008,balance,-4394.0
LV,TOTAL,total,2008,balance,-4078.3
MT,TOTAL,total,2008,balance,-1236.6
NL,TOTAL,total,2008,balance,38741.5
PL,TOTAL,total,2008,balance,-26071.7
PT,TOTAL,total,2008,balance,-25346.5
RO,TOTAL,total,2008,balance,-23469.0
SE,TOTAL,total,2008,balance,10079.4
SI,TOTAL,total,2008,balance,-1976.0
SK,TOTAL,total,2008,balance,-1883.0
AT,TOTAL,total,2008,export,123258.8
BE,TOTAL,total,2008,export,320805.2
BG,TOTAL,total,2008,export,15204.1
CY,TOTAL,total,2008,export,1110.3
CZ,TOTAL,total,2008,export,99809.1
DE,TOTAL,total,2008,export,983255.0
DK,TOTAL,total,2008,export,79495.9
EE,TOTAL,total,2008,export,8470.1
EL,TOTAL,total,2008,export,21227.7
ES,TOTAL,total,2008,export,191387.8
FI,TOTAL,total,2008,export,65580.2
FR,TOTAL,total,2008,export,418983.0
HR,TOTAL,total,2008,export,9585.1
HU,TOTAL,total,2008,export,73772.1
IE,TOTAL,total,2008,export,85476.8
IT,TOTAL,total,2008,export,369015.6
LT,TOTAL,total,2008,export,16077.1
LU,TOTAL,total,2008,export,17469.5
LV,TOTAL,total,2008,export,6897.1
MT,TOTAL,total,2008,export,2367.0
NL,TOTAL,total,2008,export,433721.7
PL,TOTAL,total,2008,export,115894.7
PT,TOTAL,total,2008,export,38847.3
RO,TOTAL,total,2008,export,33678.9
SE,TOTAL,total,2008,export,124644.6
SI,TOTAL,total,2008,export,23203.7
SK,TOTAL,total,2008,export,48369.7
AT,TOTAL,total,2008,import,125301.4
BE,TOTAL,total,2008,import,317043.4
BG,TOTAL,total,2008,import,25093.9
CY,TOTAL,total,2008,import,7236.6
CZ,TOTAL,total,2008,import,96571.9
DE,TOTAL,total,2008,import,805729.5
DK,TOTAL,total,2008,import,74355.6
EE,TOTAL,total,2008,import,10896.4
EL,TOTAL,total,2008,import,65529.4
ES,TOTAL,total,2008,import,286104.9
FI,TOTAL,total,2008,import,62402.4
FR,TOTAL,total,2008,import,487350.4
HR,TOTAL,total,2008,import,20817.1
HU,TOTAL,total,2008,import,74068.7
IE,TOTAL,total,2008,import,57087.9
IT,TOTAL,total,2008,import,382050.2
LT,TOTAL,total,2008,import,21144.1
LU,TOTAL,total,2008,import,21863.6
LV,TOTAL,total,2008,import,10975.4
MT,TOTAL,total,2008,import,3603.6
NL,TOTAL,total,2008,import,394980.2
PL,TOTAL,total,2008,import,141966.5
PT,TOTAL,total,2008,import,64193.9
RO,TOTAL,total,2008,import,57148.0
SE,TOTAL,total,2008,import,114565.2
SI,TOTAL,total,2008,import,25179.7
SK,TOTAL,total,2008,import,50252.6
AT,TOTAL,total,2009,balance,-4355.4
BE,TOTAL,total,2009,balance,11618.7
BG,TOTAL,total,2009,balance,-5176.5
CY,TOTAL,total,2009,balance,-4715.8
CZ,TOTAL,total,2009,balance,5669.3
DE,TOTAL,total,2009,balance,138868.3
DK,TOTAL,total,2009,balance,7779.6
EE,TOTAL,total,2009,balance,-783.0
EL,TOTAL,total,2009,balance,-35123.0
ES,TOTAL,total,2009,balance,-47232.1
FI,TOTAL,total,2009,balance,1408.8
FR,TOTAL,total,2009,balance,-56062.3
HR,TOTAL,total,2009,balance,-7702.2
HU,TOTAL,total,2009,balance,3762.2
IE,TOTAL,total,2009,balance,38158.9
IT,TOTAL,total,2009,balance,-5875.5
LT,TOTAL,total,2009,balance,-1326.2
LU,TOTAL,total,2009,balance,-2861.6
LV,TOTAL,total,2009,balance,-1512.1
MT,TOTAL,total,2009,balance,-1161.6
NL,TOTAL,total,2009,balance,39244.4
PL,TOTAL,total,2009,balance,-9289.1
PT,TOTAL,total,2009,balance,-19681.7
RO,TOTAL,total,2009,balance,-9863.0
SE,TOTAL,total,2009,balance,7818.2
SI,TOTAL,total,2009,balance,-357.4
SK,TOTAL,total,2009,balance,309.8
AT,TOTAL,total,2009,export,98213.7
BE,TOTAL,total,2009,export,265986.0
BG,TOTAL,total,2009,export,11699.5
CY,TOTAL,total,2009,export,901.5
CZ,TOTAL,total,2009,export,80983.3
DE,TOTAL,total,2009,export,803011.6
DK,TOTAL,total,2009,export,67381.7
EE,TOTAL,total,2009,export,6486.9
EL,TOTAL,total,2009,export,18015.1
ES,TOTAL,total,2009,export,162990.0
FI,TOTAL,total,2009,export,45063.4
FR,TOTAL,total,2009,export,348035.4
HR,TOTAL,total,2009,export,7515.8
HU,TOTAL,total,2009,export,59512.4
IE,TOTAL,total,2009,export,83114.4
IT,TOTAL,total,2009,export,291733.1
LT,TOTAL,total,2009,export,11796.8
LU,TOTAL,total,2009,export,15298.8
LV,TOTAL,total,2009,export,5521.9
MT,TOTAL,total,2009,export,2048.6
NL,TOTAL,total,2009,export,356962.3
PL,TOTAL,total,2009,export,97865.5
PT,TOTAL,total,2009,export,31696.8
RO,TOTAL,total,2009,export,29084.5
SE,TOTAL,total,2009,export,93763.1
SI,TOTAL,total,2009,export,18695.4
SK,TOTAL,total,2009,export,40207.7
AT,TOTAL,total,2009,import,102569.1
BE,TOTAL,total,2009,import,254367.4
BG,TOTAL,total,2009,import,16875.9
CY,TOTAL,total,2009,import,5617.3
CZ,TOTAL,total,2009,import,75314.0
DE,TOTAL,total,2009,import,664143.3
DK,TOTAL,total,2009,import,59602.1
EE,TOTAL,total,2009,import,7269.9
EL,TOTAL,total,2009,import,53138.2
ES,TOTAL,total,2009,import,210222.0
FI,TOTAL,total,2009,import,43654.6
FR,TOTAL,total,2009,import,404097.8
HR,TOTAL,total,2009,import,15218.1
HU,TOTAL,total,2009,import,55750.2
IE,TOTAL,total,2009,import,44955.5
IT,TOTAL,total,2009,import,297608.7
LT,TOTAL,total,2009,import,13123.0
LU,TOTAL,total,2009,import,18160.4
LV,TOTAL,total,2009,import,7034.1
MT,TOTAL,total,2009,import,3210.2
NL,TOTAL,total,2009,import,317717.9
PL,TOTAL,total,2009,import,107154.6
PT,TOTAL,total,2009,import,51378.5
RO,TOTAL,total,2009,import,38947.6
SE,TOTAL,total,2009,import,85944.9
SI,TOTAL,total,2009,import,19052.8
SK,TOTAL,total,2009,import,39898.0
AT,TOTAL,total,2010,balance,-4865.0
BE,TOTAL,total,2010,balance,12457.8
BG,TOTAL,total,2010,balance,-3683.7
CY,TOTAL,total,2010,balance,-5406.1
CZ,TOTAL,total,2010,balance,4774.5
DE,TOTAL,total,2010,balance,153963.8
DK,TOTAL,total,2010,balance,10098.9
EE,TOTAL,total,2010,balance,-525.3
EL,TOTAL,total,2010,balance,-28487.2
ES,TOTAL,total,2010,balance,-54762.0
FI,TOTAL,total,2010,balance,539.2
FR,TOTAL,total,2010,balance,-65854.1
HR,TOTAL,total,2010,balance,-6231.8
HU,TOTAL,total,2010,balance,5510.0
IE,TOTAL,total,2010,balance,40953.0
IT,TOTAL,total,2010,balance,-29982.5
LT,TOTAL,total,2010,balance,-2002.4
LU,TOTAL,total,2010,balance,-4533.0
LV,TOTAL,total,2010,balance,-1628.3
MT,TOTAL,total,2010,balance,-1113.5
NL,TOTAL,total,2010,balance,46339.4
PL,TOTAL,total,2010,balance,-13823.1
PT,TOTAL,total,2010,balance,-21379.5
RO,TOTAL,total,2010,balance,-9451.3
SE,TOTAL,total,2010,balance,7244.3
SI,TOTAL,total,2010,balance,-692.7
SK,TOTAL,total,2010,balance,-511.3
AT,TOTAL,total,2010,export,115078.5
BE,TOTAL,total,2010,export,307529.9
BG,TOTAL,total,2010,export,15561.4
CY,TOTAL,total,2010,export,1057.7
CZ,TOTAL,total,2010,export,100310.5
DE,TOTAL,total,2010,export,949629.4
DK,TOTAL,total,2010,export,72746.7
EE,TOTAL,total,2010,export,8743.0
EL,TOTAL,total,2010,export,21161.2
ES,TOTAL,total,2010,export,191911.9
FI,TOTAL,total,2010,export,52438.6
FR,TOTAL,total,2010,export,395087.2
HR,TOTAL,total,2010,export,8905.2
HU,TOTAL,total,2010,export,72024.3
IE,TOTAL,total,2010,export,88660.2
IT,TOTAL,total,2010,export,337407.4
LT,TOTAL,total,2010,export,15650.7
LU,TOTAL,total,2010,export,14180.3
LV,TOTAL,total,2010,export,7190.5
MT,TOTAL,total,2010,export,2704.9
NL,TOTAL,total,2010,export,433173.1
PL,TOTAL,total,2010,export,120482.6
PT,TOTAL,total,2010,export,37267.9
RO,TOTAL,total,2010,export,37398.4
SE,TOTAL,total,2010,export,119596.7
SI,TOTAL,total,2010,export,22026.9
SK,TOTAL,total,2010,export,49744.0
AT,TOTAL,total,2010,import,119943.5
BE,TOTAL,total,2010,import,295072.1
BG,TOTAL,total,2010,import,19245.1
CY,TOTAL,total,2010,import,6463.7
CZ,TOTAL,total,2010,import,95536.0
DE,TOTAL,total,2010,import,795665.6
DK,TOTAL,total,2010,import,62647.8
EE,TOTAL,total,2010,import,9268.3
EL,TOTAL,total,2010,import,49648.4
ES,TOTAL,total,2010,import,246673.9
FI,TOTAL,total,2010,import,51899.4
FR,TOTAL,total,2010,import,460941.2
HR,TOTAL,total,2010,import,15137.0
HU,TOTAL,total,2010,import,66514.2
IE,TOTAL,total,2010,import,47707.3
IT,TOTAL,total,2010,import,367389.8
LT,TOTAL,total,2010,import,17653.1
LU,TOTAL,total,2010,import,18713.3
LV,TOTAL,total,2010,import,8818.8
MT,TOTAL,total,2010,import,3818.4
NL,TOTAL,total,2010,import,386833.6
PL,TOTAL,total,2010,import,134305.7
PT,TOTAL,total,2010,import,58647.4
RO,TOTAL,total,2010,import,46849.7
SE,TOTAL,total,2010,import,112352.4
SI,TOTAL,total,2010,import,22719.6
SK,TOTAL,total,2010,import,50255.3
AT,TOTAL,total,2011,balance,-10050.2
BE,TOTAL,total,2011,balance,6270.8
BG,TOTAL,total,2011,balance,-3141.9
CY,TOTAL,total,2011,balance,-4927.8
CZ,TOTAL,total,2011,balance,7768.8
DE,TOTAL,total,2011,balance,157410.6
DK,TOTAL,total,2011,balance,11638.5
EE,TOTAL,total,2011,balance,-539.2
EL,TOTAL,total,2011,balance,-23645.7
ES,TOTAL,total,2011,balance,-50327.0
FI,TOTAL,total,2011,balance,-3679.5
FR,TOTAL,total,2011,balance,-88761.3
HR,TOTAL,total,2011,balance,-6699.0
HU,TOTAL,total,2011,balance,7091.9
IE,TOTAL,total,2011,balance,39094.0
IT,TOTAL,total,2011,balance,-25523.9
LT,TOTAL,total,2011,balance,-2674.8
LU,TOTAL,total,2011,balance,-5742.4
LV,TOTAL,total,2011,balance,-2269.8
MT,TOTAL,total,2011,balance,-1369.9
NL,TOTAL,total,2011,balance,52252.3
PL,TOTAL,total,2011,balance,-15733.2
PT,TOTAL,total,2011,balance,-16723.4
RO,TOTAL,total,2011,balance,-9658.8
SE,TOTAL,total,2011,balance,7138.9
SI,TOTAL,total,2011,balance,-610.4
SK,TOTAL,total,2011,balance,-304.4
AT,TOTAL,total,2011,export,127462.4
BE,TOTAL,total,2011,export,341718.2
BG,TOTAL,total,2011,export,20264.6
CY,TOTAL,total,2011,export,1306.0
CZ,TOTAL,total,2011,export,117054.1
DE,TOTAL,total,2011,export,1058897.3
DK,TOTAL,total,2011,export,80362.1
EE,TOTAL,total,2011,export,12003.4
EL,TOTAL,total,2011,export,24242.5
ES,TOTAL,total,2011,export,220223.3
FI,TOTAL,total,2011,export,56855.2
FR,TOTAL,total,2011,export,428500.6
HR,TOTAL,total,2011,export,9582.2
HU,TOTAL,total,2011,export,80683.7
IE,TOTAL,total,2011,export,91554.5
IT,TOTAL,total,2011,export,375903.8
LT,TOTAL,total,2011,export,20150.8
LU,TOTAL,total,2011,export,14990.1
LV,TOTAL,total,2011,export,9432.7
MT,TOTAL,total,2011,export,3150.5
NL,TOTAL,total,2011,export,479239.4
PL,TOTAL,total,2011,export,135557.8
PT,TOTAL,total,2011,export,42828.0
RO,TOTAL,total,2011,export,45284.0
SE,TOTAL,total,2011,export,134312.6
SI,TOTAL,total,2011,export,24915.1
SK,TOTAL,total,2011,export,57297.3
AT,TOTAL,total,2011,import,137512.5
BE,TOTAL,total,2011,import,335447.4
BG,TOTAL,total,2011,import,23406.5
CY,TOTAL,total,2011,import,6233.9
CZ,TOTAL,total,2011,import,109285.3
DE,TOTAL,total,2011,import,901486.6
DK,TOTAL,total,2011,import,68723.6
EE,TOTAL,total,2011,import,12542.6
EL,TOTAL,total,2011,import,47888.2
ES,TOTAL,total,2011,import,270550.3
FI,TOTAL,total,2011,import,60534.7
FR,TOTAL,total,2011,import,517261.8
HR,TOTAL,total,2011,import,16281.1
HU,TOTAL,total,2011,import,73591.7
IE,TOTAL,total,2011,import,52460.5
IT,TOTAL,total,2011,import,401427.7
LT,TOTAL,total,2011,import,22825.6
LU,TOTAL,total,2011,import,20732.6
LV,TOTAL,total,2011,import,11702.5
MT,TOTAL,total,2011,import,4520.5
NL,TOTAL,total,2011,import,426987.1
PL,TOTAL,total,2011,import,151291.0
PT,TOTAL,total,2011,import,59551.4
RO,TOTAL,total,2011,import,54942.8
SE,TOTAL,total,2011,import,127173.8
SI,TOTAL,total,2011,import,25525.5
SK,TOTAL,total,2011,import,57601.7
AT,TOTAL,total,2012,balance,-9263.9
BE,TOTAL,total,2012,balance,5301.1
BG,TOTAL,total,2012,balance,-4689.0
CY,TOTAL,total,2012,balance,-4324.4
CZ,TOTAL,total,2012,balance,12164.5
DE,TOTAL,total,2012,balance,191672.4
DK,TOTAL,total,2012,balance,11882.7
EE,TOTAL,total,2012,balance,-1555.9
EL,TOTAL,total,2012,balance,-20488.3
ES,TOTAL,total,2012,balance,-32758.8
FI,TOTAL,total,2012,balance,-2639.2
FR,TOTAL,total,2012,balance,-82274.9
HR,TOTAL,total,2012,balance,-6585.7
HU,TOTAL,total,2012,balance,6533.3
IE,TOTAL,total,2012,balance,37616.9
IT,TOTAL,total,2012,balance,9889.6
LT,TOTAL,total,2012,balance,-1831.6
LU,TOTAL,total,2012,balance,-6569.6
LV,TOTAL,total,2012,balance,-2425.3
MT,TOTAL,total,2012,balance,-1827.1
NL,TOTAL,total,2012,balance,53274.4
PL,TOTAL,total,2012,balance,-10651.7
PT,TOTAL,total,2012,balance,-11161.1
RO,TOTAL,total,2012,balance,-9624.7
SE,TOTAL,total,2012,balance,6155.9
SI,TOTAL,total,2012,balance,99.6
SK,TOTAL,total,2012,balance,2540.4
AT,TOTAL,total,2012,export,129678.5
BE,TOTAL,total,2012,export,347088.6
BG,TOTAL,total,2012,export,20770.5
CY,TOTAL,total,2012,export,1354.1
CZ,TOTAL,total,2012,export,122230.0
DE,TOTAL,total,2012,export,1090529.8
DK,TOTAL,total,2012,export,83336.3
EE,TOTAL,total,2012,export,12520.7
EL,TOTAL,total,2012,export,27478.4
ES,TOTAL,total,2012,export,229802.3
FI,TOTAL,total,2012,export,56878.0
FR,TOTAL,total,2012,export,442643.4
HR,TOTAL,total,2012,export,9628.7
HU,TOTAL,total,2012,export,80611.6
IE,TOTAL,total,2012,export,92480.3
IT,TOTAL,total,2012,export,390182.1
LT,TOTAL,total,2012,export,23047.4
LU,TOTAL,total,2012,export,14658.6
LV,TOTAL,total,2012,export,10983.5
MT,TOTAL,total,2012,export,3308.1
NL,TOTAL,total,2012,export,510098.0
PL,TOTAL,total,2012,export,144282.4
PT,TOTAL,total,2012,export,45213.0
RO,TOTAL,total,2012,export,45019.5
SE,TOTAL,total,2012,export,134141.4
SI,TOTAL,total,2012,export,25033.2
SK,TOTAL,total,2012,export,62792.1
AT,TOTAL,total,2012,import,138942.4
BE,TOTAL,total,2012,import,341787.5
BG,TOTAL,total,2012,import,25459.5
CY,TOTAL,total,2012,import,5678.4
CZ,TOTAL,total,2012,import,110065.6
DE,TOTAL,total,2012,import,898857.4
DK,TOTAL,total,2012,import,71453.7
EE,TOTAL,total,2012,import,14076.6
EL,TOTAL,total,2012,import,47966.7
ES,TOTAL,total,2012,import,262561.1
FI,TOTAL,total,2012,import,59517.3
FR,TOTAL,total,2012,import,524918.3
HR,TOTAL,total,2012,import,16214.4
HU,TOTAL,total,2012,import,74078.3
IE,TOTAL,total,2012,import,54863.4
IT,TOTAL,total,2012,import,380292.5
LT,TOTAL,total,2012,import,24879.0
LU,TOTAL,total,2012,import,21228.2
LV,TOTAL,total,2012,import,13408.7
MT,TOTAL,total,2012,import,5135.2
NL,TOTAL,total,2012,import,456823.6
PL,TOTAL,total,2012,import,154934.1
PT,TOTAL,total,2012,import,56374.1
RO,TOTAL,total,2012,import,54644.2
SE,TOTAL,total,2012,import,127985.5
SI,TOTAL,total,2012,import,24933.6
SK,TOTAL,total,2012,import,60251.8
AT,TOTAL,total,2013,balance,-6115.3
BE,TOTAL,total,2013,balance,12862.8
BG,TOTAL,total,2013,balance,-3556.7
CY,TOTAL,total,2013,balance,-3233.6
CZ,TOTAL,total,2013,balance,13564.1
DE,TOTAL,total,2013,balance,198655.3
DK,TOTAL,total,2013,balance,10240.6
EE,TOTAL,total,2013,balance,-1614.5
EL,TOTAL,total,2013,balance,-18600.0
ES,TOTAL,total,2013,balance,-17142.7
FI,TOTAL,total,2013,balance,-2359.1
FR,TOTAL,total,2013,balance,-76738.2
HR,TOTAL,total,2013,balance,-7049.9
HU,TOTAL,total,2013,balance,5565.7
IE,TOTAL,total,2013,balance,32640.1
IT,TOTAL,total,2013,balance,29230.4
LT,TOTAL,total,2013,balance,-1663.1
LU,TOTAL,total,2013,balance,-6209.6
LV,TOTAL,total,2013,balance,-2558.6
MT,TOTAL,total,2013,balance,-1875.7
NL,TOTAL,total,2013,balance,61636.0
PL,TOTAL,total,2013,balance,-1975.0
PT,TOTAL,total,2013,balance,-9709.9
RO,TOTAL,total,2013,balance,-5757.5
SE,TOTAL,total,2013,balance,5226.1
SI,TOTAL,total,2013,balance,486.1
SK,TOTAL,total,2013,balance,2867.7
AT,TOTAL,total,2013,export,131884.6
BE,TOTAL,total,2013,export,352955.7
BG,TOTAL,total,2013,export,22271.8
CY,TOTAL,total,2013,export,1520.4
CZ,TOTAL,total,2013,export,122185.1
DE,TOTAL,total,2013,export,1088071.0
DK,TOTAL,total,2013,export,83539.4
EE,TOTAL,total,2013,export,12288.2
EL,TOTAL,total,2013,export,27223.0
ES,TOTAL,total,2013,export,239310.7
FI,TOTAL,total,2013,export,56047.5
FR,TOTAL,total,2013,export,437150.6
HR,TOTAL,total,2013,export,9531.4
HU,TOTAL,total,2013,export,80945.1
IE,TOTAL,total,2013,export,87933.8
IT,TOTAL,total,2013,export,390232.6
LT,TOTAL,total,2013,export,24544.6
LU,TOTAL,total,2013,export,13868.2
LV,TOTAL,total,2013,export,10892.8
MT,TOTAL,total,2013,export,2752.6
NL,TOTAL,total,2013,export,505651.5
PL,TOTAL,total,2013,export,154343.7
PT,TOTAL,total,2013,export,47302.9
RO,TOTAL,total,2013,export,49570.7
SE,TOTAL,total,2013,export,126157.4
SI,TOTAL,total,2013,export,25614.8
SK,TOTAL,total,2013,export,64514.1
AT,TOTAL,total,2013,import,137999.8
BE,TOTAL,total,2013,import,340092.9
BG,TOTAL,total,2013,import,25828.5
CY,TOTAL,total,2013,import,4754.0
CZ,TOTAL,total,2013,import,108620.9
DE,TOTAL,total,2013,import,889415.7
DK,TOTAL,total,2013,import,73298.8
EE,TOTAL,total,2013,import,13902.7
EL,TOTAL,total,2013,import,45823.0
ES,TOTAL,total,2013,import,256453.4
FI,TOTAL,total,2013,import,58406.6
FR,TOTAL,total,2013,import,513888.9
HR,TOTAL,total,2013,import,16581.3
HU,TOTAL,total,2013,import,75379.4
IE,TOTAL,total,2013,import,55293.7
IT,TOTAL,total,2013,import,361002.2
LT,TOTAL,total,2013,import,26207.7
LU,TOTAL,total,2013,import,20077.8
LV,TOTAL,total,2013,import,13451.4
MT,TOTAL,total,2013,import,4628.3
NL,TOTAL,total,2013,import,444015.5
PL,TOTAL,total,2013,import,156318.7
PT,TOTAL,total,2013,import,57012.8
RO,TOTAL,total,2013,import,55328.1
SE,TOTAL,total,2013,import,120931.3
SI,TOTAL,total,2013,import,25128.7
SK,TOTAL,total,2013,import,61646.3
AT,TOTAL,total,2014,balance,-2828.7
BE,TOTAL,total,2014,balance,13860.9
BG,TOTAL,total,2014,balance,-4074.7
CY,TOTAL,total,2014,balance,-3641.5
CZ,TOTAL,total,2014,balance,15596.3
DE,TOTAL,total,2014,balance,216459.6
DK,TOTAL,total,2014,balance,8941.0
EE,TOTAL,total,2014,balance,-1693.3
EL,TOTAL,total,2014,balance,-19609.7
ES,TOTAL,total,2014,balance,-25885.4
FI,TOTAL,total,2014,balance,-1796.1
FR,TOTAL,total,2014,balance,-71445.1
HR,TOTAL,total,2014,balance,-6723.2
HU,TOTAL,total,2014,balance,4287.8
IE,TOTAL,total,2014,balance,29385.1
IT,TOTAL,total,2014,balance,41931.6
LT,TOTAL,total,2014,balance,-1528.1
LU,TOTAL,total,2014,balance,-5697.2
LV,TOTAL,total,2014,balance,-2445.2
MT,TOTAL,total,2014,balance,-2926.5
NL,TOTAL,total,2014,balance,62650.3
PL,TOTAL,total,2014,balance,-2651.5
PT,TOTAL,total,2014,balance,-10978.4
RO,TOTAL,total,2014,balance,-6055.1
SE,TOTAL,total,2014,balance,1788.1
SI,TOTAL,total,2014,balance,1523.9
SK,TOTAL,total,2014,balance,3508.4
AT,TOTAL,total,2014,export,134172.5
BE,TOTAL,total,2014,export,355287.7
BG,TOTAL,total,2014,export,22043.6
CY,TOTAL,total,2014,export,2373.6
CZ,TOTAL,total,2014,export,131798.9
DE,TOTAL,total,2014,export,1125034.2
DK,TOTAL,total,2014,export,83911.7
EE,TOTAL,total,2014,export,12083.1
EL,TOTAL,total,2014,export,27085.5
ES,TOTAL,total,2014,export,244287.2
FI,TOTAL,total,2014,export,55973.3
FR,TOTAL,total,2014,export,437785.9
HR,TOTAL,total,2014,export,10431.3
HU,TOTAL,total,2014,export,83266.1
IE,TOTAL,total,2014,export,91217.2
IT,TOTAL,total,2014,export,398870.4
LT,TOTAL,total,2014,export,24361.3
LU,TOTAL,total,2014,export,14401.0
LV,TOTAL,total,2014,export,11094.9
MT,TOTAL,total,2014,export,2205.6
NL,TOTAL,total,2014,export,506338.9
PL,TOTAL,total,2014,export,165714.9
PT,TOTAL,total,2014,export,48053.7
RO,TOTAL,total,2014,export,52500.5
SE,TOTAL,total,2014,export,123920.6
SI,TOTAL,total,2014,export,27075.0
SK,TOTAL,total,2014,export,64913.1
AT,TOTAL,total,2014,import,137001.2
BE,TOTAL,total,2014,import,341426.8
BG,TOTAL,total,2014,import,26118.3
CY,TOTAL,total,2014,import,6015.1
CZ,TOTAL,total,2014,import,116202.6
DE,TOTAL,total,2014,import,908574.6
DK,TOTAL,total,2014,import,74970.7
EE,TOTAL,total,2014,import,13776.5
EL,TOTAL,total,2014,import,46695.2
ES,TOTAL,total,2014,import,270172.6
FI,TOTAL,total,2014,import,57769.4
FR,TOTAL,total,2014,import,509231.0
HR,TOTAL,total,2014,import,17154.5
HU,TOTAL,total,2014,import,78978.3
IE,TOTAL,total,2014,import,61832.1
IT,TOTAL,total,2014,import,356938.8
LT,TOTAL,total,2014,import,25889.4
LU,TOTAL,total,2014,import,20098.1
LV,TOTAL,total,2014,import,13540.2
MT,TOTAL,total,2014,import,5132.1
NL,TOTAL,total,2014,import,443688.6
PL,TOTAL,total,2014,import,168366.4
PT,TOTAL,total,2014,import,59032.1
RO,TOTAL,total,2014,import,58555.6
SE,TOTAL,total,2014,import,122132.4
SI,TOTAL,total,2014,import,25551.1
SK,TOTAL,total,2014,import,61404.6
AT,TOTAL,total,2015,balance,-2942.4
BE,TOTAL,total,2015,balance,19201.9
BG,TOTAL,total,2015,balance,-3469.2
CY,TOTAL,total,2015,balance,-3377.6
CZ,TOTAL,total,2015,balance,14882.7
DE,TOTAL,total,2015,balance,248195.7
DK,TOTAL,total,2015,balance,8887.1
EE,TOTAL,total,2015,balance,-1521.4
EL,TOTAL,total,2015,balance,-16457.7
ES,TOTAL,total,2015,balance,-26622.7
FI,TOTAL,total,2015,balance,-536.2
FR,TOTAL,total,2015,balance,-58098.4
HR,TOTAL,total,2015,balance,-6900.3
HU,TOTAL,total,2015,balance,5898.8
IE,TOTAL,total,2015,balance,41808.3
IT,TOTAL,total,2015,balance,41806.9
LT,TOTAL,total,2015,balance,-2495.6
LU,TOTAL,total,2015,balance,-5555.8
LV,TOTAL,total,2015,balance,-2086.2
MT,TOTAL,total,2015,balance,-3087.7
NL,TOTAL,total,2015,balance,52512.0
PL,TOTAL,total,2015,balance,2350.6
PT,TOTAL,total,2015,balance,-10710.8
RO,TOTAL,total,2015,balance,-8359.0
SE,TOTAL,total,2015,balance,1451.2
SI,TOTAL,total,2015,balance,1905.2
SK,TOTAL,total,2015,balance,2068.9
AT,TOTAL,total,2015,export,137756.8
BE,TOTAL,total,2015,export,357771.8
BG,TOTAL,total,2015,export,22877.6
CY,TOTAL,total,2015,export,2960.8
CZ,TOTAL,total,2015,export,142364.1
DE,TOTAL,total,2015,export,1195822.4
DK,TOTAL,total,2015,export,86060.3
EE,TOTAL,total,2015,export,11575.3
EL,TOTAL,total,2015,export,25753.7
ES,TOTAL,total,2015,export,254599.4
FI,TOTAL,total,2015,export,53951.3
FR,TOTAL,total,2015,export,456514.7
HR,TOTAL,total,2015,export,11663.3
HU,TOTAL,total,2015,export,88846.1
IE,TOTAL,total,2015,export,111259.1
IT,TOTAL,total,2015,export,412291.3
LT,TOTAL,total,2015,export,22903.9
LU,TOTAL,total,2015,export,15460.4
LV,TOTAL,total,2015,export,11079.9
MT,TOTAL,total,2015,export,2355.0
NL,TOTAL,total,2015,export,514309.1
PL,TOTAL,total,2015,export,179532.6
PT,TOTAL,total,2015,export,49634.0
RO,TOTAL,total,2015,export,54620.2
SE,TOTAL,total,2015,export,126258.2
SI,TOTAL,total,2015,export,28792.6
SK,TOTAL,total,2015,export,67764.5
AT,TOTAL,total,2015,import,140699.2
BE,TOTAL,total,2015,import,338569.8
BG,TOTAL,total,2015,import,26346.8
CY,TOTAL,total,2015,import,6338.4
CZ,TOTAL,total,2015,import,127481.3
DE,TOTAL,total,2015,import,947626.7
DK,TOTAL,total,2015,import,77173.2
EE,TOTAL,total,2015,import,13096.7
EL,TOTAL,total,2015,import,42211.4
ES,TOTAL,total,2015,import,281222.1
FI,TOTAL,total,2015,import,54487.6
FR,TOTAL,total,2015,import,514613.1
HR,TOTAL,total,2015,import,18563.6
HU,TOTAL,total,2015,import,82947.3
IE,TOTAL,total,2015,import,69450.9
IT,TOTAL,total,2015,import,370484.4
LT,TOTAL,total,2015,import,25399.5
LU,TOTAL,total,2015,import,21016.1
LV,TOTAL,total,2015,import,13166.0
MT,TOTAL,total,2015,import,5442.7
NL,TOTAL,total,2015,import,461797.1
PL,TOTAL,total,2015,import,177182.0
PT,TOTAL,total,2015,import,60344.8
RO,TOTAL,total,2015,import,62979.2
SE,TOTAL,total,2015,import,124807.1
SI,TOTAL,total,2015,import,26887.4
SK,TOTAL,total,2015,import,65695.7
AT,TOTAL,total,2016,balance,-5102.1
BE,TOTAL,total,2016,balance,16925.9
BG,TOTAL,total,2016,balance,-2136.9
CY,TOTAL,total,2016,balance,-4396.5
CZ,TOTAL,total,2016,balance,17710.9
DE,TOTAL,total,2016,balance,251727.8
DK,TOTAL,total,2016,balance,8844.6
EE,TOTAL,total,2016,balance,-1617.9
EL,TOTAL,total,2016,balance,-16871.3
ES,TOTAL,total,2016,balance,-19015.5
FI,TOTAL,total,2016,balance,-2674.2
FR,TOTAL,total,2016,balance,-60023.8
HR,TOTAL,total,2016,balance,-7301.7
HU,TOTAL,total,2016,balance,7244.3
IE,TOTAL,total,2016,balance,44851.3
IT,TOTAL,total,2016,balance,49643.1
LT,TOTAL,total,2016,balance,-2130.3
LU,TOTAL,total,2016,balance,-5502.2
LV,TOTAL,total,2016,balance,-1918.8
MT,TOTAL,total,2016,balance,-2931.9
NL,TOTAL,total,2016,balance,63171.2
PL,TOTAL,total,2016,balance,3885.9
PT,TOTAL,total,2016,balance,-11385.2
RO,TOTAL,total,2016,balance,-9970.8
SE,TOTAL,total,2016,balance,-1561.4
SI,TOTAL,total,2016,balance,2144.9
SK,TOTAL,total,2016,balance,2132.1
AT,TOTAL,total,2016,export,137409.9
BE,TOTAL,total,2016,export,359757.3
BG,TOTAL,total,2016,export,24021.8
CY,TOTAL,total,2016,export,2680.6
CZ,TOTAL,total,2016,export,146979.0
DE,TOTAL,total,2016,export,1205488.8
DK,TOTAL,total,2016,export,86136.7
EE,TOTAL,total,2016,export,11896.9
EL,TOTAL,total,2016,export,25445.8
ES,TOTAL,total,2016,export,262041.3
FI,TOTAL,total,2016,export,52321.3
FR,TOTAL,total,2016,export,453075.8
HR,TOTAL,total,2016,export,12489.5
HU,TOTAL,total,2016,export,92073.2
IE,TOTAL,total,2016,export,118230.3
IT,TOTAL,total,2016,export,417268.9
LT,TOTAL,total,2016,export,22607.0
LU,TOTAL,total,2016,export,14259.8
LV,TOTAL,total,2016,export,11111.7
MT,TOTAL,total,2016,export,2879.2
NL,TOTAL,total,2016,export,515934.6
PL,TOTAL,total,2016,export,184171.3
PT,TOTAL,total,2016,export,50038.8
RO,TOTAL,total,2016,export,57392.4
SE,TOTAL,total,2016,export,125901.1
SI,TOTAL,total,2016,export,29742.4
SK,TOTAL,total,2016,export,69606.5
AT,TOTAL,total,2016,import,142511.9
BE,TOTAL,total,2016,import,342831.4
BG,TOTAL,total,2016,import,26158.7
CY,TOTAL,total,2016,import,7077.1
CZ,TOTAL,total,2016,import,129268.1
DE,TOTAL,total,2016,import,953760.9
DK,TOTAL,total,2016,import,77292.1
EE,TOTAL,total,2016,import,13514.8
EL,TOTAL,total,2016,import,42317.0
ES,TOTAL,total,2016,import,281056.8
FI,TOTAL,total,2016,import,54995.6
FR,TOTAL,total,2016,import,513099.6
HR,TOTAL,total,2016,import,19791.2
HU,TOTAL,total,2016,import,84828.9
IE,TOTAL,total,2016,import,73379.0
IT,TOTAL,total,2016,import,367625.8
LT,TOTAL,total,2016,import,24737.3
LU,TOTAL,total,2016,import,19761.9
LV,TOTAL,total,2016,import,13030.5
MT,TOTAL,total,2016,import,5811.1
NL,TOTAL,total,2016,import,452763.5
PL,TOTAL,total,2016,import,180285.4
PT,TOTAL,total,2016,import,61424.0
RO,TOTAL,total,2016,import,67363.1
SE,TOTAL,total,2016,import,127462.6
SI,TOTAL,total,2016,import,27597.5
SK,TOTAL,total,2016,import,67474.4
AT,TOTAL,total,2017,balance,-6819.9
BE,TOTAL,total,2017,balance,18004.8
BG,TOTAL,total,2017,balance,-2433.3
CY,TOTAL,total,2017,balance,-5244.7
CZ,TOTAL,total,2017,balance,16731.2
DE,TOTAL,total,2017,balance,252247.5
DK,TOTAL,total,2017,balance,8510.7
EE,TOTAL,total,2017,balance,-1893.1
EL,TOTAL,total,2017,balance,-18492.9
ES,TOTAL,total,2017,balance,-28556.6
FI,TOTAL,total,2017,balance,-2221.2
FR,TOTAL,total,2017,balance,-74811.6
HR,TOTAL,total,2017,balance,-7774.8
HU,TOTAL,total,2017,balance,5595.0
IE,TOTAL,total,2017,balance,39165.8
IT,TOTAL,total,2017,balance,47641.8
LT,TOTAL,total,2017,balance,-2105.7
LU,TOTAL,total,2017,balance,-6301.3
LV,TOTAL,total,2017,balance,-2505.3
MT,TOTAL,total,2017,balance,-2787.0
NL,TOTAL,total,2017,balance,68714.5
PL,TOTAL,total,2017,balance,564.9
PT,TOTAL,total,2017,balance,-14670.6
RO,TOTAL,total,2017,balance,-12951.9
SE,TOTAL,total,2017,balance,-1118.8
SI,TOTAL,total,2017,balance,2090.0
SK,TOTAL,total,2017,balance,1598.2
AT,TOTAL,total,2017,export,148756.4
BE,TOTAL,total,2017,export,380590.4
BG,TOTAL,total,2017,export,27779.9
CY,TOTAL,total,2017,export,2904.4
CZ,TOTAL,total,2017,export,161213.9
DE,TOTAL,total,2017,export,1281864.6
DK,TOTAL,total,2017,export,90756.3
EE,TOTAL,total,2017,export,12877.6
EL,TOTAL,total,2017,export,28863.0
ES,TOTAL,total,2017,export,283094.6
FI,TOTAL,total,2017,export,60239.2
FR,TOTAL,total,2017,export,473814.8
HR,TOTAL,total,2017,export,14201.4
HU,TOTAL,total,2017,export,100752.4
IE,TOTAL,total,2017,export,121759.7
IT,TOTAL,total,2017,export,449129.0
LT,TOTAL,total,2017,export,26410.5
LU,TOTAL,total,2017,export,13972.9
LV,TOTAL,total,2017,export,12351.0
MT,TOTAL,total,2017,export,2524.5
NL,TOTAL,total,2017,export,577087.1
PL,TOTAL,total,2017,export,207385.4
PT,TOTAL,total,2017,export,55018.0
RO,TOTAL,total,2017,export,62615.6
SE,TOTAL,total,2017,export,135356.9
SI,TOTAL,total,2017,export,34007.2
SK,TOTAL,total,2017,export,73790.1
AT,TOTAL,total,2017,import,155576.3
BE,TOTAL,total,2017,import,362585.6
BG,TOTAL,total,2017,import,30213.2
CY,TOTAL,total,2017,import,8149.1
CZ,TOTAL,total,2017,import,144482.7
DE,TOTAL,total,2017,import,1029617.1
DK,TOTAL,total,2017,import,82245.6
EE,TOTAL,total,2017,import,14770.7
EL,TOTAL,total,2017,import,47355.9
ES,TOTAL,total,2017,import,311651.2
FI,TOTAL,total,2017,import,62460.4
FR,TOTAL,total,2017,import,548626.4
HR,TOTAL,total,2017,import,21976.2
HU,TOTAL,total,2017,import,95157.4
IE,TOTAL,total,2017,import,82593.9
IT,TOTAL,total,2017,import,401487.2
LT,TOTAL,total,2017,import,28516.2
LU,TOTAL,total,2017,import,20274.2
LV,TOTAL,total,2017,import,14856.3
MT,TOTAL,total,2017,import,5311.4
NL,TOTAL,total,2017,import,508372.6
PL,TOTAL,total,2017,import,206820.5
PT,TOTAL,total,2017,import,69688.6
RO,TOTAL,total,2017,import,75567.5
SE,TOTAL,total,2017,import,136475.7
SI,TOTAL,total,2017,import,31917.2
SK,TOTAL,total,2017,import,72191.9
AT,TOTAL,total,2018,balance,-7578.8
BE,TOTAL,total,2018,balance,10914.9
BG,TOTAL,total,2018,balance,-3587.6
CY,TOTAL,total,2018,balance,-4914.8
CZ,TOTAL,total,2018,balance,14802.7
DE,TOTAL,total,2018,balance,233301.1
DK,TOTAL,total,2018,balance,5975.1
EE,TOTAL,total,2018,balance,-1795.0
EL,TOTAL,total,2018,balance,-20647.4
ES,TOTAL,total,2018,balance,-37177.1
FI,TOTAL,total,2018,balance,-2341.2
FR,TOTAL,total,2018,balance,-79611.9
HR,TOTAL,total,2018,balance,-9136.2
HU,TOTAL,total,2018,balance,3312.2
IE,TOTAL,total,2018,balance,48227.3
IT,TOTAL,total,2018,balance,39279.7
LT,TOTAL,total,2018,balance,-2671.6
LU,TOTAL,total,2018,balance,-6579.6
LV,TOTAL,total,2018,balance,-2568.0
MT,TOTAL,total,2018,balance,-3029.8
NL,TOTAL,total,2018,balance,68773.9
PL,TOTAL,total,2018,balance,-4583.2
PT,TOTAL,total,2018,balance,-17589.3
RO,TOTAL,total,2018,balance,-15404.3
SE,TOTAL,total,2018,balance,-3937.2
SI,TOTAL,total,2018,balance,1619.8
SK,TOTAL,total,2018,balance,409.5
AT,TOTAL,total,2018,export,156428.8
BE,TOTAL,total,2018,export,396270.0
BG,TOTAL,total,2018,export,28495.9
CY,TOTAL,total,2018,export,4251.7
CZ,TOTAL,total,2018,export,171260.2
DE,TOTAL,total,2018,export,1320732.4
DK,TOTAL,total,2018,export,92913.3
EE,TOTAL,total,2018,export,14422.4
EL,TOTAL,total,2018,export,33472.4
ES,TOTAL,total,2018,export,293458.8
FI,TOTAL,total,2018,export,64235.8
FR,TOTAL,total,2018,export,492964.1
HR,TOTAL,total,2018,export,14750.5
HU,TOTAL,total,2018,export,105572.8
IE,TOTAL,total,2018,export,139637.1
IT,TOTAL,total,2018,export,465325.4
LT,TOTAL,total,2018,export,28271.0
LU,TOTAL,total,2018,export,13883.4
LV,TOTAL,total,2018,export,13335.5
MT,TOTAL,total,2018,export,2704.5
NL,TOTAL,total,2018,export,615600.7
PL,TOTAL,total,2018,export,223213.1
PT,TOTAL,total,2018,export,57850.0
RO,TOTAL,total,2018,export,67424.5
SE,TOTAL,total,2018,export,140551.8
SI,TOTAL,total,2018,export,37423.0
SK,TOTAL,total,2018,export,79136.9
AT,TOTAL,total,2018,import,164007.6
BE,TOTAL,total,2018,import,385355.1
BG,TOTAL,total,2018,import,32083.5
CY,TOTAL,total,2018,import,9166.4
CZ,TOTAL,total,2018,import,156457.5
DE,TOTAL,total,2018,import,1087431.3
DK,TOTAL,total,2018,import,86938.3
EE,TOTAL,total,2018,import,16217.4
EL,TOTAL,total,2018,import,54119.8
ES,TOTAL,total,2018,import,330635.8
FI,TOTAL,total,2018,import,66577.0
FR,TOTAL,total,2018,import,572576.0
HR,TOTAL,total,2018,import,23886.7
HU,TOTAL,total,2018,import,102260.6
IE,TOTAL,total,2018,import,91409.9
IT,TOTAL,total,2018,import,426045.7
LT,TOTAL,total,2018,import,30942.6
LU,TOTAL,total,2018,import,20463.0
LV,TOTAL,total,2018,import,15903.4
MT,TOTAL,total,2018,import,5734.3
NL,TOTAL,total,2018,import,546826.7
PL,TOTAL,total,2018,import,227796.4
PT,TOTAL,total,2018,import,75439.2
RO,TOTAL,total,2018,import,82828.8
SE,TOTAL,total,2018,import,144489.0
SI,TOTAL,total,2018,import,35803.3
SK,TOTAL,total,2018,import,78727.4
AT,TOTAL,total,2019,balance,-5419.8
BE,TOTAL,total,2019,balance,16456.0
BG,TOTAL,total,2019,balance,-3861.6
CY,TOTAL,total,2019,balance,-5072.2
CZ,TOTAL,total,2019,balance,17944.9
DE,TOTAL,total,2019,balance,228260.8
DK,TOTAL,total,2019,balance,11529.0
EE,TOTAL,total,2019,balance,-1720.7
EL,TOTAL,total,2019,balance,-21862.3
ES,TOTAL,total,2019,balance,-34621.6
FI,TOTAL,total,2019,balance,-232.1
FR,TOTAL,total,2019,balance,-74734.3
HR,TOTAL,total,2019,balance,-9803.9
HU,TOTAL,total,2019,balance,2851.9
IE,TOTAL,total,2019,balance,61187.4
IT,TOTAL,total,2019,balance,56115.9
LT,TOTAL,total,2019,balance,-2325.6
LU,TOTAL,total,2019,balance,-6984.5
LV,TOTAL,total,2019,balance,-2320.5
MT,TOTAL,total,2019,balance,-3755.0
NL,TOTAL,total,2019,balance,65166.7
PL,TOTAL,total,2019,balance,1187.5
PT,TOTAL,total,2019,balance,-20074.3
RO,TOTAL,total,2019,balance,-17587.4
SE,TOTAL,total,2019,balance,1414.8
SI,TOTAL,total,2019,balance,828.4
SK,TOTAL,total,2019,balance,-445.4
AT,TOTAL,total,2019,export,159588.5
BE,TOTAL,total,2019,export,399841.1
BG,TOTAL,total,2019,export,29788.7
CY,TOTAL,total,2019,export,3079.0
CZ,TOTAL,total,2019,export,177903.0
DE,TOTAL,total,2019,export,1330414.0
DK,TOTAL,total,2019,export,99237.2
EE,TOTAL,total,2019,export,14382.1
EL,TOTAL,total,2019,export,33864.5
ES,TOTAL,total,2019,export,298337.0
FI,TOTAL,total,2019,export,65615.5
FR,TOTAL,total,2019,export,509948.2
HR,TOTAL,total,2019,export,15350.0
HU,TOTAL,total,2019,export,110578.6
IE,TOTAL,total,2019,export,151515.6
IT,TOTAL,total,2019,export,480352.1
LT,TOTAL,total,2019,export,29623.5
LU,TOTAL,total,2019,export,14673.1
LV,TOTAL,total,2019,export,14023.3
MT,TOTAL,total,2019,export,2839.2
NL,TOTAL,total,2019,export,633056.9
PL,TOTAL,total,2019,export,238178.4
PT,TOTAL,total,2019,export,59902.8
RO,TOTAL,total,2019,export,68667.1
SE,TOTAL,total,2019,export,143421.1
SI,TOTAL,total,2019,export,40147.2
SK,TOTAL,total,2019,export,79962.0
AT,TOTAL,total,2019,import,165008.3
BE,TOTAL,total,2019,import,383385.0
BG,TOTAL,total,2019,import,33650.3
CY,TOTAL,total,2019,import,8151.3
CZ,TOTAL,total,2019,import,159958.1
DE,TOTAL,total,2019,import,1102153.3
DK,TOTAL,total,2019,import,87708.2
EE,TOTAL,total,2019,import,16102.8
EL,TOTAL,total,2019,import,55726.7
ES,TOTAL,total,2019,import,332958.5
FI,TOTAL,total,2019,import,65847.6
FR,TOTAL,total,2019,import,584682.5
HR,TOTAL,total,2019,import,25153.9
HU,TOTAL,total,2019,import,107726.7
IE,TOTAL,total,2019,import,90328.2
IT,TOTAL,total,2019,import,424236.2
LT,TOTAL,total,2019,import,31949.1
LU,TOTAL,total,2019,import,21657.6
LV,TOTAL,total,2019,import,16343.8
MT,TOTAL,total,2019,import,6594.3
NL,TOTAL,total,2019,import,567890.2
PL,TOTAL,total,2019,import,236990.9
PT,TOTAL,total,2019,import,79977.1
RO,TOTAL,total,2019,import,86254.5
SE,TOTAL,total,2019,import,142006.3
SI,TOTAL,total,2019,import,39318.8
SK,TOTAL,total,2019,import,80407.4
AT,TOTAL,total,2020,balance,-2646.7
BE,TOTAL,total,2020,balance,23200.6
BG,TOTAL,total,2020,balance,-2681.9
CY,TOTAL,total,2020,balance,-4960.8
CZ,TOTAL,total,2020,balance,18032.8
DE,TOTAL,total,2020,balance,183716.9
DK,TOTAL,total,2020,balance,9020.5
EE,TOTAL,total,2020,balance,-866.8
EL,TOTAL,total,2020,balance,-18153.1
ES,TOTAL,total,2020,balance,-15694.4
FI,TOTAL,total,2020,balance,-1882.8
FR,TOTAL,total,2020,balance,-81263.2
HR,TOTAL,total,2020,balance,-8455.1
HU,TOTAL,total,2020,balance,4012.0
IE,TOTAL,total,2020,balance,70627.6
IT,TOTAL,total,2020,balance,63289.5
LT,TOTAL,total,2020,balance,-478.9
LU,TOTAL,total,2020,balance,-6391.1
LV,TOTAL,total,2020,balance,-1586.5
MT,TOTAL,total,2020,balance,-2542.6
NL,TOTAL,total,2020,balance,69469.4
PL,TOTAL,total,2020,balance,10562.2
PT,TOTAL,total,2020,balance,-14388.2
RO,TOTAL,total,2020,balance,-18706.0
SE,TOTAL,total,2020,balance,4929.1
SI,TOTAL,total,2020,balance,2333.3
SK,TOTAL,total,2020,balance,1885.9
AT,TOTAL,total,2020,export,148288.0
BE,TOTAL,total,2020,export,369963.6
BG,TOTAL,total,2020,export,27966.9
CY,TOTAL,total,2020,export,2696.9
CZ,TOTAL,total,2020,export,167597.4
DE,TOTAL,total,2020,export,1209207.7
DK,TOTAL,total,2020,export,95027.5
EE,TOTAL,total,2020,export,14273.8
EL,TOTAL,total,2020,export,30800.7
ES,TOTAL,total,2020,export,269521.0
FI,TOTAL,total,2020,export,57874.5
FR,TOTAL,total,2020,export,427236.2
HR,TOTAL,total,2020,export,15022.6
HU,TOTAL,total,2020,export,105428.5
IE,TOTAL,total,2020,export,157828.3
IT,TOTAL,total,2020,export,436717.8
LT,TOTAL,total,2020,export,28648.2
LU,TOTAL,total,2020,export,12113.3
LV,TOTAL,total,2020,export,14265.8
MT,TOTAL,total,2020,export,2479.4
NL,TOTAL,total,2020,export,590233.2
PL,TOTAL,total,2020,export,239213.7
PT,TOTAL,total,2020,export,53757.4
RO,TOTAL,total,2020,export,61775.6
SE,TOTAL,total,2020,export,136108.2
SI,TOTAL,total,2020,export,39246.8
SK,TOTAL,total,2020,export,75586.2
AT,TOTAL,total,2020,import,150934.7
BE,TOTAL,total,2020,import,346763.0
BG,TOTAL,total,2020,import,30648.8
CY,TOTAL,total,2020,import,7657.7
CZ,TOTAL,total,2020,import,149564.6
DE,TOTAL,total,2020,import,1025490.8
DK,TOTAL,total,2020,import,86007.0
EE,TOTAL,total,2020,import,15140.6
EL,TOTAL,total,2020,import,48953.8
ES,TOTAL,total,2020,import,285215.4
FI,TOTAL,total,2020,import,59757.3
FR,TOTAL,total,2020,import,508499.3
HR,TOTAL,total,2020,import,23477.6
HU,TOTAL,total,2020,import,101416.5
IE,TOTAL,total,2020,import,87200.7
IT,TOTAL,total,2020,import,373428.3
LT,TOTAL,total,2020,import,29127.1
LU,TOTAL,total,2020,import,18504.3
LV,TOTAL,total,2020,import,15852.4
MT,TOTAL,total,2020,import,5022.0
NL,TOTAL,total,2020,import,520763.7
PL,TOTAL,total,2020,import,228651.5
PT,TOTAL,total,2020,import,68145.6
RO,TOTAL,total,2020,import,80481.6
SE,TOTAL,total,2020,import,131179.2
SI,TOTAL,total,2020,import,36913.6
SK,TOTAL,total,2020,import,73700.2
AT,TOTAL,total,2021,balance,-14191.0
BE,TOTAL,total,2021,balance,20804.1
BG,TOTAL,total,2021,balance,-4305.8
CY,TOTAL,total,2021,balance,-5430.2
CZ,TOTAL,total,2021,balance,12240.9
DE,TOTAL,total,2021,balance,181819.9
DK,TOTAL,total,2021,balance,4721.9
EE,TOTAL,total,2021,balance,-1737.0
EL,TOTAL,total,2021,balance,-25395.4
ES,TOTAL,total,2021,balance,-34007.0
FI,TOTAL,total,2021,balance,-3396.5
FR,TOTAL,total,2021,balance,-110305.7
HR,TOTAL,total,2021,balance,-10709.5
HU,TOTAL,total,2021,balance,-1013.4
IE,TOTAL,total,2021,balance,59279.3
IT,TOTAL,total,2021,balance,40333.7
LT,TOTAL,total,2021,balance,-3215.8
LU,TOTAL,total,2021,balance,-7938.2
LV,TOTAL,total,2021,balance,-2468.2
MT,TOTAL,total,2021,balance,-3444.9
NL,TOTAL,total,2021,balance,69593.1
PL,TOTAL,total,2021,balance,-1443.7
PT,TOTAL,total,2021,balance,-19527.2
RO,TOTAL,total,2021,balance,-24411.9
SE,TOTAL,total,2021,balance,1968.0
SI,TOTAL,total,2021,balance,-236.9
SK,TOTAL,total,2021,balance,-36.6
AT,TOTAL,total,2021,export,171541.2
BE,TOTAL,total,2021,export,466867.6
BG,TOTAL,total,2021,export,34822.3
CY,TOTAL,total,2021,export,3367.7
CZ,TOTAL,total,2021,export,191571.0
DE,TOTAL,total,2021,export,1376195.5
DK,TOTAL,total,2021,export,106533.2
EE,TOTAL,total,2021,export,18253.0
EL,TOTAL,total,2021,export,39971.5
ES,TOTAL,total,2021,export,321434.9
FI,TOTAL,total,2021,export,69471.3
FR,TOTAL,total,2021,export,494948.8
HR,TOTAL,total,2021,export,18520.8
HU,TOTAL,total,2021,export,119912.1
IE,TOTAL,total,2021,export,161204.9
IT,TOTAL,total,2021,export,520771.1
LT,TOTAL,total,2021,export,34474.9
LU,TOTAL,total,2021,export,14208.4
LV,TOTAL,total,2021,export,17650.5
MT,TOTAL,total,2021,export,2593.0
NL,TOTAL,total,2021,export,711069.8
PL,TOTAL,total,2021,export,288180.6
PT,TOTAL,total,2021,export,63618.5
RO,TOTAL,total,2021,export,73923.0
SE,TOTAL,total,2021,export,160337.1
SI,TOTAL,total,2021,export,48544.4
SK,TOTAL,total,2021,export,87868.1
AT,TOTAL,total,2021,import,185732.3
BE,TOTAL,total,2021,import,446063.5
BG,TOTAL,total,2021,import,39128.1
CY,TOTAL,total,2021,import,8797.9
CZ,TOTAL,total,2021,import,179330.1
DE,TOTAL,total,2021,import,1194375.6
DK,TOTAL,total,2021,import,101811.2
EE,TOTAL,total,2021,import,19989.9
EL,TOTAL,total,2021,import,65366.9
ES,TOTAL,total,2021,import,355442.0
FI,TOTAL,total,2021,import,72867.8
FR,TOTAL,total,2021,import,605254.5
HR,TOTAL,total,2021,import,29230.3
HU,TOTAL,total,2021,import,120925.5
IE,TOTAL,total,2021,import,101925.6
IT,TOTAL,total,2021,import,480437.4
LT,TOTAL,total,2021,import,37690.7
LU,TOTAL,total,2021,import,22146.7
LV,TOTAL,total,2021,import,20118.7
MT,TOTAL,total,2021,import,6037.8
NL,TOTAL,total,2021,import,641476.7
PL,TOTAL,total,2021,import,289624.3
PT,TOTAL,total,2021,import,83145.7
RO,TOTAL,total,2021,import,98334.9
SE,TOTAL,total,2021,import,158369.1
SI,TOTAL,total,2021,import,48781.3
SK,TOTAL,total,2021,import,87904.7
AT,TOTAL,total,2022,balance,-20593.4
BE,TOTAL,total,2022,balance,12479.0
BG,TOTAL,total,2022,balance,-7666.9
CY,TOTAL,total,2022,balance,-7322.3
CZ,TOTAL,total,2022,balance,5057.8
DE,TOTAL,total,2022,balance,87619.8
DK,TOTAL,total,2022,balance,2056.8
EE,TOTAL,total,2022,balance,-3714.4
EL,TOTAL,total,2022,balance,-38790.5
ES,TOTAL,total,2022,balance,-74953.5
FI,TOTAL,total,2022,balance,-10584.7
FR,TOTAL,total,2022,balance,-193143.7
HR,TOTAL,total,2022,balance,-18216.2
HU,TOTAL,total,2022,balance,-7938.4
IE,TOTAL,total,2022,balance,63255.6
IT,TOTAL,total,2022,balance,-34040.6
LT,TOTAL,total,2022,balance,-8229.7
LU,TOTAL,total,2022,balance,-9154.1
LV,TOTAL,total,2022,balance,-4511.7
MT,TOTAL,total,2022,balance,-5031.2
NL,TOTAL,total,2022,balance,63620.3
PL,TOTAL,total,2022,balance,-19647.1
PT,TOTAL,total,2022,balance,-31158.8
RO,TOTAL,total,2022,balance,-34104.1
SE,TOTAL,total,2022,balance,-5229.0
SI,TOTAL,total,2022,balance,55.0
SK,TOTAL,total,2022,balance,-3849.5
AT,TOTAL,total,2022,export,201398.4
BE,TOTAL,total,2022,export,607029.0
BG,TOTAL,total,2022,export,47508.8
CY,TOTAL,total,2022,export,4296.3
CZ,TOTAL,total,2022,export,230242.7
DE,TOTAL,total,2022,export,1593593.0
DK,TOTAL,total,2022,export,124840.3
EE,TOTAL,total,2022,export,21734.3
EL,TOTAL,total,2022,export,55762.2
ES,TOTAL,total,2022,export,394896.9
FI,TOTAL,total,2022,export,81884.7
FR,TOTAL,total,2022,export,589710.2
HR,TOTAL,total,2022,export,24284.2
HU,TOTAL,total,2022,export,148155.8
IE,TOTAL,total,2022,export,203431.8
IT,TOTAL,total,2022,export,626169.4
LT,TOTAL,total,2022,export,44312.6
LU,TOTAL,total,2022,export,16506.2
LV,TOTAL,total,2022,export,22955.6
MT,TOTAL,total,2022,export,3101.6
NL,TOTAL,total,2022,export,917539.9
PL,TOTAL,total,2022,export,342893.9
PT,TOTAL,total,2022,export,78402.7
RO,TOTAL,total,2022,export,91972.8
SE,TOTAL,total,2022,export,187838.7
SI,TOTAL,total,2022,export,66410.6
SK,TOTAL,total,2022,export,103042.8
AT,TOTAL,total,2022,import,221991.8
BE,TOTAL,total,2022,import,594550.0
BG,TOTAL,total,2022,import,55175.8
CY,TOTAL,total,2022,import,11618.6
CZ,TOTAL,total,2022,import,225184.9
DE,TOTAL,total,2022,import,1505973.1
DK,TOTAL,total,2022,import,122783.5
EE,TOTAL,total,2022,import,25448.7
EL,TOTAL,total,2022,import,94552.7
ES,TOTAL,total,2022,import,469850.5
FI,TOTAL,total,2022,import,92469.4
FR,TOTAL,total,2022,import,782853.9
HR,TOTAL,total,2022,import,42500.5
HU,TOTAL,total,2022,import,156094.3
IE,TOTAL,total,2022,import,140176.2
IT,TOTAL,total,2022,import,660210.0
LT,TOTAL,total,2022,import,52542.3
LU,TOTAL,total,2022,import,25660.4
LV,TOTAL,total,2022,import,27467.4
MT,TOTAL,total,2022,import,8132.8
NL,TOTAL,total,2022,import,853919.7
PL,TOTAL,total,2022,import,362540.9
PT,TOTAL,total,2022,import,109561.5
RO,TOTAL,total,2022,import,126077.0
SE,TOTAL,total,2022,import,193067.6
SI,TOTAL,total,2022,import,66355.6
SK,TOTAL,total,2022,import,106892.4
AT,TOTAL,total,2023,balance,-2023.0
BE,TOTAL,total,2023,balance,12593.9
BG,TOTAL,total,2023,balance,-5228.7
CY,TOTAL,total,2023,balance,-8402.6
CZ,TOTAL,total,2023,balance,21916.0
DE,TOTAL,total,2023,balance,217038.6
DK,TOTAL,total,2023,balance,8174.9
EE,TOTAL,total,2023,balance,-2992.2
EL,TOTAL,total,2023,balance,-32071.0
ES,TOTAL,total,2023,balance,-43762.6
FI,TOTAL,total,2023,balance,-486.7
FR,TOTAL,total,2023,balance,-126780.1
HR,TOTAL,total,2023,balance,-17091.7
HU,TOTAL,total,2023,balance,9838.3
IE,TOTAL,total,2023,balance,52972.7
IT,TOTAL,total,2023,balance,34010.9
LT,TOTAL,total,2023,balance,-5087.5
LU,TOTAL,total,2023,balance,-8423.2
LV,TOTAL,total,2023,balance,-3709.5
MT,TOTAL,total,2023,balance,-4554.4
NL,TOTAL,total,2023,balance,84764.8
PL,TOTAL,total,2023,balance,10623.4
PT,TOTAL,total,2023,balance,-27808.3
RO,TOTAL,total,2023,balance,-28962.2
SE,TOTAL,total,2023,balance,4037.1
SI,TOTAL,total,2023,balance,1297.4
SK,TOTAL,total,2023,balance,3677.9
AT,TOTAL,total,2023,export,207254.5
BE,TOTAL,total,2023,export,535177.5
BG,TOTAL,total,2023,export,44377.3
CY,TOTAL,total,2023,export,4676.2
CZ,TOTAL,total,2023,export,236444.8
DE,TOTAL,total,2023,export,1574462.4
DK,TOTAL,total,2023,export,119453.8
EE,TOTAL,total,2023,export,18146.0
EL,TOTAL,total,2023,export,51017.4
ES,TOTAL,total,2023,export,390840.0
FI,TOTAL,total,2023,export,76362.0
FR,TOTAL,total,2023,export,602223.5
HR,TOTAL,total,2023,export,23089.7
HU,TOTAL,total,2023,export,153974.0
IE,TOTAL,total,2023,export,192695.3
IT,TOTAL,total,2023,export,625949.7
LT,TOTAL,total,2023,export,39759.9
LU,TOTAL,total,2023,export,15898.9
LV,TOTAL,total,2023,export,20904.1
MT,TOTAL,total,2023,export,3206.0
NL,TOTAL,total,2023,export,864928.9
PL,TOTAL,total,2023,export,352925.7
PT,TOTAL,total,2023,export,77340.1
RO,TOTAL,total,2023,export,93069.9
SE,TOTAL,total,2023,export,182728.4
SI,TOTAL,total,2023,export,67578.5
SK,TOTAL,total,2023,export,108711.9
AT,TOTAL,total,2023,import,209277.5
BE,TOTAL,total,2023,import,522583.5
BG,TOTAL,total,2023,import,49605.9
CY,TOTAL,total,2023,import,13078.8
CZ,TOTAL,total,2023,import,214528.8
DE,TOTAL,total,2023,import,1357423.8
DK,TOTAL,total,2023,import,111278.9
EE,TOTAL,total,2023,import,21138.2
EL,TOTAL,total,2023,import,83088.3
ES,TOTAL,total,2023,import,434602.6
FI,TOTAL,total,2023,import,76848.7
FR,TOTAL,total,2023,import,729003.6
HR,TOTAL,total,2023,import,40181.3
HU,TOTAL,total,2023,import,144135.8
IE,TOTAL,total,2023,import,139722.6
IT,TOTAL,total,2023,import,591938.8
LT,TOTAL,total,2023,import,44847.4
LU,TOTAL,total,2023,import,24322.1
LV,TOTAL,total,2023,import,24613.6
MT,TOTAL,total,2023,import,7760.4
NL,TOTAL,total,2023,import,780164.1
PL,TOTAL,total,2023,import,342302.4
PT,TOTAL,total,2023,import,105148.4
RO,TOTAL,total,2023,import,122032.1
SE,TOTAL,total,2023,import,178691.3
SI,TOTAL,total,2023,import,66281.1
SK,TOTAL,total,2023,import,105034.0
AT,TOTAL,total,2024,balance,2212.9
BE,TOTAL,total,2024,balance,26316.4
BG,TOTAL,total,2024,balance,-6591.7
CY,TOTAL,total,2024,balance,-7392.6
CZ,TOTAL,total,2024,balance,27676.8
DE,TOTAL,total,2024,balance,242350.8
DK,TOTAL,total,2024,balance,9685.3
EE,TOTAL,total,2024,balance,-3369.1
EL,TOTAL,total,2024,balance,-35598.8
ES,TOTAL,total,2024,balance,-46949.8
FI,TOTAL,total,2024,balance,-2718.0
FR,TOTAL,total,2024,balance,-102640.6
HR,TOTAL,total,2024,balance,-19344.8
HU,TOTAL,total,2024,balance,8354.4
IE,TOTAL,total,2024,balance,89607.7
IT,TOTAL,total,2024,balance,48287.2
LT,TOTAL,total,2024,balance,-4598.4
LU,TOTAL,total,2024,balance,-9120.8
LV,TOTAL,total,2024,balance,-2843.7
MT,TOTAL,total,2024,balance,-5234.6
NL,TOTAL,total,2024,balance,95987.0
PL,TOTAL,total,2024,balance,502.4
PT,TOTAL,total,2024,balance,-28348.4
RO,TOTAL,total,2024,balance,-33457.0
SE,TOTAL,total,2024,balance,5563.2
SI,TOTAL,total,2024,balance,-5120.0
SK,TOTAL,total,2024,balance,1822.8
AT,TOTAL,total,2024,export,197847.7
BE,TOTAL,total,2024,export,512373.7
BG,TOTAL,total,2024,export,44249.0
CY,TOTAL,total,2024,export,5118.0
CZ,TOTAL,total,2024,export,243151.9
DE,TOTAL,total,2024,export,1548966.1
DK,TOTAL,total,2024,export,123220.4
EE,TOTAL,total,2024,export,17365.8
EL,TOTAL,total,2024,export,50002.9
ES,TOTAL,total,2024,export,396086.5
FI,TOTAL,total,2024,export,72126.0
FR,TOTAL,total,2024,export,592226.1
HR,TOTAL,total,2024,export,24054.7
HU,TOTAL,total,2024,export,147157.4
IE,TOTAL,total,2024,export,222748.3
IT,TOTAL,total,2024,export,622607.0
LT,TOTAL,total,2024,export,36772.5
LU,TOTAL,total,2024,export,14967.0
LV,TOTAL,total,2024,export,19073.9
MT,TOTAL,total,2024,export,3495.2
NL,TOTAL,total,2024,export,850696.8
PL,TOTAL,total,2024,export,353755.0
PT,TOTAL,total,2024,export,78895.0
RO,TOTAL,total,2024,export,92674.0
SE,TOTAL,total,2024,export,180844.3
SI,TOTAL,total,2024,export,72927.4
SK,TOTAL,total,2024,export,106994.1
AT,TOTAL,total,2024,import,195634.7
BE,TOTAL,total,2024,import,486057.3
BG,TOTAL,total,2024,import,50840.7
CY,TOTAL,total,2024,import,12510.6
CZ,TOTAL,total,2024,import,215475.1
DE,TOTAL,total,2024,import,1306615.3
DK,TOTAL,total,2024,import,113535.1
EE,TOTAL,total,2024,import,20735.0
EL,TOTAL,total,2024,import,85601.6
ES,TOTAL,total,2024,import,443036.3
FI,TOTAL,total,2024,import,74844.0
FR,TOTAL,total,2024,import,694866.7
HR,TOTAL,total,2024,import,43399.6
HU,TOTAL,total,2024,import,138803.0
IE,TOTAL,total,2024,import,133140.6
IT,TOTAL,total,2024,import,574319.7
LT,TOTAL,total,2024,import,41370.9
LU,TOTAL,total,2024,import,24087.7
LV,TOTAL,total,2024,import,21917.7
MT,TOTAL,total,2024,import,8729.8
NL,TOTAL,total,2024,import,754709.8
PL,TOTAL,total,2024,import,353252.6
PT,TOTAL,total,2024,import,107243.4
RO,TOTAL,total,2024,import,126131.0
SE,TOTAL,total,2024,import,175281.1
SI,TOTAL,total,2024,import,78047.4
SK,TOTAL,total,2024,import,105171.3
AT,TOTAL,total,2025,balance,-6664.6
BE,TOTAL,total,2025,balance,25463.0
BG,TOTAL,total,2025,balance,-10773.0
CY,TOTAL,total,2025,balance,-8333.5
CZ,TOTAL,total,2025,balance,26423.8
DE,TOTAL,total,2025,balance,201126.4
DK,TOTAL,total,2025,balance,10035.0
EE,TOTAL,total,2025,balance,-3825.5
EL,TOTAL,total,2025,balance,-33795.4
ES,TOTAL,total,2025,balance,-66153.4
FI,TOTAL,total,2025,balance,-1286.1
FR,TOTAL,total,2025,balance,-93965.2
HR,TOTAL,total,2025,balance,-20533.2
HU,TOTAL,total,2025,balance,8081.1
IE,TOTAL,total,2025,balance,116164.3
IT,TOTAL,total,2025,balance,50701.8
LT,TOTAL,total,2025,balance,-6592.1
LU,TOTAL,total,2025,balance,-8844.1
LV,TOTAL,total,2025,balance,-3577.4
MT,TOTAL,total,2025,balance,-5152.6
NL,TOTAL,total,2025,balance,102951.0
PL,TOTAL,total,2025,balance,-6198.3
PT,TOTAL,total,2025,balance,-32287.9
RO,TOTAL,total,2025,balance,-32718.2
SE,TOTAL,total,2025,balance,4224.1
SI,TOTAL,total,2025,balance,3884.4
SK,TOTAL,total,2025,balance,2610.5
AT,TOTAL,total,2025,export,197015.3
BE,TOTAL,total,2025,export,503715.7
BG,TOTAL,total,2025,export,42882.8
CY,TOTAL,total,2025,export,5501.7
CZ,TOTAL,total,2025,export,251327.3
DE,TOTAL,total,2025,export,1563047.6
DK,TOTAL,total,2025,export,131664.6
EE,TOTAL,total,2025,export,18577.9
EL,TOTAL,total,2025,export,48658.1
ES,TOTAL,total,2025,export,393912.0
FI,TOTAL,total,2025,export,74281.4
FR,TOTAL,total,2025,export,606033.4
HR,TOTAL,total,2025,export,25241.8
HU,TOTAL,total,2025,export,149695.2
IE,TOTAL,total,2025,export,258934.7
IT,TOTAL,total,2025,export,643153.3
LT,TOTAL,total,2025,export,36865.7
LU,TOTAL,total,2025,export,16253.9
LV,TOTAL,total,2025,export,19926.3
MT,TOTAL,total,2025,export,3457.4
NL,TOTAL,total,2025,export,875641.1
PL,TOTAL,total,2025,export,366455.1
PT,TOTAL,total,2025,export,79358.8
RO,TOTAL,total,2025,export,96544.4
SE,TOTAL,total,2025,export,183332.8
SI,TOTAL,total,2025,export,85893.4
SK,TOTAL,total,2025,export,111273.0
AT,TOTAL,total,2025,import,203679.8
BE,TOTAL,total,2025,import,478252.7
BG,TOTAL,total,2025,import,53655.8
CY,TOTAL,total,2025,import,13835.1
CZ,TOTAL,total,2025,import,224903.5
DE,TOTAL,total,2025,import,1361921.2
DK,TOTAL,total,2025,import,121629.6
EE,TOTAL,total,2025,import,22403.3
EL,TOTAL,total,2025,import,82453.5
ES,TOTAL,total,2025,import,460065.4
FI,TOTAL,total,2025,import,75567.4
FR,TOTAL,total,2025,import,699998.7
HR,TOTAL,total,2025,import,45775.0
HU,TOTAL,total,2025,import,141614.1
IE,TOTAL,total,2025,import,142770.4
IT,TOTAL,total,2025,import,592451.4
LT,TOTAL,total,2025,import,43457.8
LU,TOTAL,total,2025,import,25097.9
LV,TOTAL,total,2025,import,23503.7
MT,TOTAL,total,2025,import,8610.0
NL,TOTAL,total,2025,import,772690.1
PL,TOTAL,total,2025,import,372653.4
PT,TOTAL,total,2025,import,111646.7
RO,TOTAL,total,2025,import,129262.6
SE,TOTAL,total,2025,import,179108.7
SI,TOTAL,total,2025,import,82009.0
SK,TOTAL,total,2025,import,108662.5
