country,TIME_PERIOD,OBS_FLAG,country_code
Belgium,2017,break_in_series,BE
Bulgaria,2019,break_in_series,BG
Bulgaria,2024,break_in_series,BG
Germany,2020,break_in_series,DE
Denmark,2016,break_in_series,DK
Denmark,2017,break_in_series,DK
Denmark,2023,break_in_series,DK
Spain,2021,definition_differs,ES
Spain,2022,definition_differs,ES
Spain,2023,definition_differs,ES
Spain,2024,definition_differs,ES
Spain,2025,definition_differs,ES
France,2021,definition_differs,FR
France,2022,definition_differs,FR
France,2023,definition_differs,FR
France,2024,break_and_definition,FR
France,2025,definition_differs,FR
Hungary,2018,break_in_series,HU
Ireland,2021,break_in_series,IE
Italy,2018,break_in_series,IT
Poland,2019,break_in_series,PL
